{"type": "FeatureCollection", "features": [{"type": "Feature", "properties": {"role": "mainline", "name": "New Jersey Turnpike (mainline)", "ref": "NJTP", "source": "OSM relation/189809", "length_m": 196736.7, "dists": [0.0, 48.0, 199.2, 307.6, 338.9, 369.6, 399.7, 430.9, 461.7, 492.2, 523.8, 552.2, 582.6, 613.2, 643.7, 674.9, 704.3, 732.2, 755.4, 778.3, 801.7, 826.5, 855.8, 862.6, 867.7, 872.8, 877.3, 895.9, 979.4, 1000.6, 1026.7, 1051.6, 1083.0, 1113.3, 1144.0, 1174.5, 1205.7, 1230.0, 1257.0, 1283.8, 1327.2, 1410.1, 1432.7, 1449.4, 1481.0, 2260.5, 2338.4, 2457.1, 2665.4, 2758.8, 2915.8, 2951.8, 3747.8, 3777.9, 3807.6, 3838.7, 3871.0, 3994.1, 4020.2, 4074.9, 4101.8, 4123.5, 4144.0, 4162.0, 4172.8, 4194.3, 4258.8, 4295.6, 4332.2, 4363.0, 4394.3, 4424.6, 4455.1, 4492.1, 4530.3, 4588.0, 4678.7, 4710.4, 4740.6, 4771.1, 4802.3, 6677.3, 6814.1, 6869.6, 6931.0, 6989.1, 7105.8, 7147.2, 7217.9, 7297.0, 7353.7, 7844.2, 7916.1, 8214.1, 8257.8, 8512.2, 8727.4, 9290.8, 10196.2, 10256.5, 10317.1, 10378.4, 10439.5, 10500.5, 10561.5, 12668.0, 12760.1, 12880.4, 12930.7, 13100.2, 13130.2, 13151.0, 13202.8, 13267.2, 13309.0, 13362.5, 13423.7, 13518.0, 13630.6, 13692.2, 13784.4, 13977.1, 14071.6, 14173.5, 14217.8, 14419.3, 14602.3, 14634.4, 14877.0, 14994.8, 15118.0, 15257.3, 15417.0, 15539.9, 15681.4, 15745.4, 15812.6, 15848.0, 15903.8, 16027.3, 16210.0, 16250.2, 16394.4, 16449.6, 16780.4, 16923.6, 17154.6, 17477.9, 17620.3, 17874.9, 18068.5, 18253.3, 18492.9, 18593.7, 18672.2, 18741.4, 18796.8, 18870.3, 19428.7, 19757.6, 19791.1, 20585.1, 20800.0, 20928.2, 20970.3, 21408.9, 21450.7, 21694.1, 21734.8, 23510.8, 23639.1, 23790.7, 23897.5, 24218.5, 24547.8, 24681.1, 24979.3, 25093.1, 25269.4, 25441.9, 25661.5, 25837.3, 27272.4, 28384.1, 28421.4, 29907.5, 29961.6, 29997.4, 30095.3, 30178.2, 30261.9, 30405.4, 30718.5, 30973.5, 31256.6, 31793.4, 32061.1, 32144.5, 32397.5, 32650.7, 32916.7, 33119.0, 33358.7, 33579.3, 33747.9, 33925.8, 34017.7, 34135.8, 34183.9, 34361.5, 34436.8, 34484.9, 34703.7, 35002.7, 35290.8, 35456.8, 35636.8, 35670.3, 35722.4, 35817.4, 35953.1, 35984.8, 36076.4, 36149.4, 36305.3, 36500.6, 36585.4, 36729.9, 37109.7, 37280.2, 37472.3, 37709.1, 37747.9, 38467.5, 38557.1, 38710.9, 38860.5, 39027.9, 39080.4, 39210.1, 39378.9, 39537.2, 39672.2, 39754.6, 39790.3, 39831.6, 39844.3, 39860.3, 39873.9, 39980.5, 40281.9, 40391.2, 40528.4, 41033.5, 41323.9, 41430.4, 41607.5, 41632.4, 41682.2, 41711.0, 41725.9, 41740.5, 41832.8, 41845.8, 41898.2, 42165.5, 42481.0, 44309.9, 44357.3, 44399.6, 44785.7, 44814.8, 44830.4, 44866.5, 45005.9, 45180.7, 45228.7, 45292.2, 45363.0, 45415.8, 45553.6, 45642.7, 45816.0, 45919.8, 46032.7, 46165.2, 46428.5, 47071.8, 47130.7, 47199.1, 47262.7, 47272.8, 47350.6, 47433.4, 47468.2, 47533.4, 47814.4, 47961.4, 48012.7, 48068.2, 48154.5, 48288.0, 48360.0, 48428.5, 48512.3, 48636.0, 48894.2, 49242.0, 49378.0, 49480.5, 49718.1, 50056.3, 50537.6, 50657.7, 50747.7, 51028.7, 51661.5, 51992.7, 52124.4, 52197.9, 52253.6, 52384.9, 52779.4, 53176.4, 53298.8, 53376.3, 53586.8, 53724.9, 53865.9, 53937.7, 54081.3, 54114.4, 54171.2, 54228.4, 54256.5, 54285.7, 54339.9, 54367.8, 54532.8, 54587.7, 54724.4, 54751.4, 54860.6, 54887.8, 54924.2, 55499.2, 55658.4, 56214.5, 56230.7, 56297.1, 56532.5, 56578.7, 56630.9, 56686.8, 56706.6, 56726.8, 56767.4, 56787.8, 56808.8, 56830.3, 56851.7, 56918.0, 56963.6, 56987.5, 57034.9, 57059.2, 57083.3, 57107.7, 57132.6, 57157.2, 57182.1, 57206.8, 57257.1, 57282.8, 57334.0, 57360.4, 57412.7, 57439.2, 57492.7, 57519.9, 57547.0, 57574.8, 57602.3, 57658.1, 57685.9, 57770.3, 57798.9, 57827.1, 57855.6, 57883.8, 57967.8, 57995.3, 58023.3, 58050.9, 58078.7, 58133.8, 58161.6, 58189.1, 58217.0, 58299.3, 58355.1, 58437.5, 58465.3, 58492.8, 58520.7, 58547.9, 58631.8, 58660.2, 58688.2, 58800.9, 58829.4, 58857.6, 59056.9, 59259.6, 59317.8, 59347.2, 59376.4, 59530.5, 59679.2, 59846.5, 59918.8, 59954.6, 60012.5, 60070.7, 60099.4, 60128.4, 60157.0, 60214.6, 60243.1, 60271.9, 60300.3, 60387.1, 60415.7, 60531.3, 60560.5, 60589.3, 60618.5, 60647.1, 60734.7, 60851.9, 60931.5, 61027.7, 61086.5, 61203.4, 61319.9, 61378.4, 61437.5, 61466.8, 61496.5, 61584.4, 61614.1, 61672.7, 61702.3, 61731.6, 61820.8, 61850.3, 61909.7, 61929.4, 61939.0, 62053.4, 62139.3, 62194.9, 62226.0, 62255.1, 62340.8, 62369.1, 62396.3, 62424.8, 62458.0, 62510.2, 62566.8, 62624.0, 62652.6, 62711.6, 62759.0, 62792.6, 62826.2, 62862.7, 62905.2, 62982.7, 63025.5, 63042.0, 63070.8, 63129.0, 63187.1, 63245.4, 63304.1, 64014.5, 64055.0, 64079.7, 64237.8, 64293.5, 64321.8, 64349.5, 64406.3, 64416.7, 64435.0, 64463.4, 64521.0, 64579.1, 64611.1, 64637.9, 64667.1, 64696.6, 64754.4, 64783.6, 64812.2, 64841.1, 64926.9, 64983.7, 65041.0, 65069.5, 65097.7, 65125.8, 65154.7, 65210.9, 65270.2, 65323.2, 65351.4, 65462.3, 65490.2, 65518.5, 65546.5, 65631.6, 65744.5, 65772.2, 65800.3, 65828.1, 65856.1, 65883.9, 65912.0, 65967.5, 65995.7, 66013.1, 66051.6, 66079.8, 66136.8, 66223.4, 66252.6, 66310.8, 66340.1, 66398.1, 66427.2, 66542.6, 66571.0, 66599.8, 66628.7, 66715.0, 66801.8, 66831.0, 66889.4, 66977.4, 67036.2, 67123.9, 67182.6, 67212.1, 67301.0, 67330.7, 67389.7, 67419.4, 67478.4, 67508.3, 67567.3, 67597.0, 67685.4, 67743.8, 67772.7, 67859.6, 67917.7, 67946.5, 67975.4, 68004.2, 68033.0, 68118.9, 68147.7, 68176.7, 68205.3, 68234.1, 68320.5, 68349.5, 68377.9, 68406.6, 68435.0, 68463.5, 68548.3, 68605.3, 68691.2, 68720.8, 68776.8, 68806.3, 68834.7, 68892.4, 68977.7, 69034.8, 69062.9, 69091.3, 69148.3, 69176.6, 69262.5, 69407.3, 69436.1, 69465.2, 69493.7, 69522.7, 69551.1, 69609.1, 69637.7, 70634.4, 70908.0, 71083.3, 71457.7, 72093.2, 72237.5, 72296.5, 72326.1, 72384.2, 72413.8, 72471.9, 72501.6, 72560.0, 72589.5, 72618.7, 72707.6, 72737.0, 72766.6, 72825.3, 72854.7, 72913.7, 72943.2, 72973.2, 73032.5, 73062.5, 73092.3, 73151.7, 73210.7, 73357.8, 73387.3, 73447.0, 73476.7, 73506.9, 73536.7, 73566.3, 73596.2, 73626.0, 73655.2, 73714.6, 73744.2, 73803.5, 73833.0, 73862.9, 73922.0, 73980.6, 74009.4, 74038.7, 74096.8, 74155.4, 74213.6, 74243.2, 74332.0, 74391.9, 74421.6, 74451.9, 74541.7, 74629.7, 74833.6, 74921.2, 74950.7, 75096.7, 75126.1, 75242.8, 75271.9, 75301.5, 75389.7, 75449.4, 75479.1, 75568.7, 75598.4, 75628.3, 75652.1, 75718.6, 75748.0, 75777.8, 75865.6, 75953.1, 75981.8, 76097.9, 76126.7, 76155.9, 76185.3, 76197.1, 76214.4, 76243.8, 76273.2, 76332.3, 76362.1, 76391.6, 76450.9, 76539.2, 76597.7, 76655.9, 76684.6, 76713.9, 76742.9, 76801.4, 76859.6, 76888.9, 76918.5, 76947.7, 76977.3, 77006.4, 77052.3, 77094.8, 77299.6, 77328.3, 77444.1, 77472.9, 77531.3, 77560.2, 77676.0, 77776.3, 77805.5, 78980.8, 79333.1, 79673.3, 79719.9, 79772.2, 79832.3, 79893.3, 79952.0, 80012.8, 80073.7, 80133.6, 80193.6, 80253.9, 80318.2, 80379.8, 80438.8, 80499.7, 80552.6, 80618.8, 80679.0, 80724.5, 80785.1, 80844.7, 80905.2, 80965.2, 81026.2, 81085.7, 81145.8, 81206.2, 81265.8, 81330.8, 81389.7, 81519.4, 81832.5, 81859.7, 81914.1, 81995.3, 82022.8, 82077.1, 82103.8, 82131.3, 82186.4, 82413.6, 82442.4, 82527.9, 82669.0, 82752.2, 82779.3, 82806.8, 82833.8, 82860.4, 82887.2, 82940.0, 83070.9, 83150.0, 83329.7, 83585.7, 83851.2, 83907.3, 83938.5, 83991.7, 84049.1, 84077.8, 84104.4, 84135.2, 84190.2, 84219.1, 84301.4, 84332.6, 84358.8, 84387.9, 84417.3, 84470.8, 84502.7, 84554.8, 84586.6, 84615.0, 84727.3, 84838.6, 84868.0, 84896.2, 84951.7, 84979.0, 85034.6, 85090.2, 85145.5, 85173.4, 85228.7, 85312.9, 85370.5, 85399.8, 85429.2, 85446.1, 85534.4, 85983.5, 86315.9, 86330.4, 86383.9, 86411.2, 86465.5, 86499.9, 86547.3, 86630.0, 86657.4, 86685.1, 86710.5, 86745.0, 86929.4, 87093.9, 87129.3, 88257.9, 88287.3, 88345.6, 88375.2, 88404.5, 88434.1, 88463.2, 88492.6, 88520.2, 88724.8, 88753.5, 88840.8, 88898.6, 88957.1, 89015.3, 89044.8, 89073.4, 89131.2, 89159.6, 89188.4, 89330.7, 89359.4, 89414.3, 89444.9, 89473.9, 89530.8, 89559.6, 89616.7, 89645.5, 89674.0, 89731.8, 89760.4, 89818.3, 89858.7, 89934.1, 89992.0, 90137.6, 90167.0, 90196.1, 90255.3, 90400.0, 90428.9, 90491.3, 90513.7, 90542.0, 90570.6, 90684.3, 90713.2, 90769.9, 90798.6, 90827.1, 90856.2, 90914.5, 90973.0, 91062.3, 91133.7, 91187.6, 91773.5, 91821.2, 92036.8, 92114.8, 92660.3, 92690.9, 92788.3, 92832.6, 93001.6, 93024.1, 93262.8, 93545.6, 93855.1, 94105.6, 94284.2, 94732.7, 95017.6, 95221.0, 95269.6, 95379.2, 95614.5, 95992.7, 96084.0, 96415.2, 96493.6, 96513.6, 96704.8, 96885.5, 97285.5, 97467.4, 97582.6, 97814.5, 97909.3, 98933.6, 99529.2, 99772.5, 99780.2, 101405.8, 102081.4, 102104.2, 102230.1, 102275.1, 102493.2, 103017.4, 103649.4, 103747.4, 103845.4, 103943.4, 104041.4, 104427.9, 104490.1, 104644.1, 104770.5, 105602.3, 105664.3, 105929.0, 105974.8, 106020.3, 106065.9, 106111.4, 106156.5, 106201.8, 106247.0, 106293.2, 106338.8, 106384.1, 106430.3, 106475.8, 106520.7, 106566.9, 106612.3, 106658.4, 106704.0, 106749.2, 106794.6, 106841.0, 106885.7, 106931.4, 106977.4, 107022.7, 107068.4, 107114.4, 107159.6, 107205.1, 107251.7, 107296.9, 107343.0, 107388.1, 107434.3, 107479.7, 107525.0, 107571.4, 107616.3, 107661.8, 107708.1, 107753.9, 107798.7, 107846.2, 107890.0, 107935.5, 107980.2, 108068.5, 108287.6, 108401.4, 108429.8, 108459.0, 109426.0, 109441.1, 109509.3, 109617.5, 109649.4, 109746.4, 109847.9, 109868.8, 109957.1, 110807.3, 110840.2, 111656.5, 111689.6, 111720.7, 112601.0, 112682.8, 113584.4, 113617.1, 114031.2, 114048.1, 114101.4, 114451.6, 114845.1, 115171.4, 115395.7, 115677.6, 115733.0, 115830.4, 116025.2, 116285.1, 116493.7, 116697.2, 117034.8, 117273.4, 117363.1, 117712.1, 117908.0, 118250.4, 118500.5, 118793.8, 119080.1, 119583.2, 119769.9, 119807.4, 119895.7, 119955.9, 120136.1, 120241.8, 120376.9, 120977.6, 121078.6, 121098.5, 121402.2, 121690.6, 121786.3, 122162.0, 122611.4, 122693.8, 124031.7, 124180.9, 124247.2, 124702.3, 124952.5, 125060.5, 125173.0, 125313.9, 125385.8, 125419.1, 125874.4, 125898.1, 125995.9, 126062.2, 126144.7, 126226.8, 126335.1, 126451.8, 126538.2, 126616.7, 126695.5, 126806.9, 126961.3, 127047.4, 127111.0, 127238.5, 127359.0, 127460.8, 127572.9, 127608.9, 127740.9, 127980.9, 128246.1, 128510.5, 128587.2, 128720.9, 129608.9, 129699.7, 129773.3, 129848.1, 129918.7, 129997.6, 130188.8, 130616.7, 130906.3, 131494.7, 131525.3, 131644.8, 132203.0, 132482.4, 133199.1, 133462.4, 133590.9, 133666.5, 133716.9, 133748.0, 133767.3, 133929.8, 134036.8, 134112.9, 134182.0, 134253.3, 134635.2, 134696.3, 134755.4, 134906.5, 134973.4, 135033.6, 135097.6, 135159.6, 135223.1, 135280.5, 135341.8, 135414.5, 135480.2, 135541.7, 135591.8, 135648.7, 135895.8, 136269.2, 136317.1, 136350.0, 136890.6, 136918.4, 137479.2, 138073.0, 138129.7, 138243.1, 138300.2, 138970.0, 139231.5, 139306.2, 139379.5, 139454.2, 139527.5, 139541.8, 139598.2, 139613.3, 139675.2, 139749.0, 139817.3, 139895.3, 139969.5, 140043.2, 140116.4, 140194.3, 140268.8, 140360.6, 140403.7, 140472.1, 140544.9, 140628.4, 140667.6, 140910.2, 140987.0, 141084.2, 141244.7, 141494.5, 141556.8, 141738.4, 141927.8, 142014.9, 142108.4, 142181.4, 142257.3, 142334.4, 142425.0, 142455.2, 142773.7, 142926.8, 142973.0, 143250.4, 143293.0, 143400.5, 143464.3, 143530.7, 143605.2, 143678.4, 143750.6, 143821.1, 143895.8, 143969.6, 144041.9, 144115.9, 144174.0, 144238.7, 144298.9, 144421.3, 144473.0, 144523.4, 144575.4, 144630.8, 144691.3, 144753.0, 144806.1, 144867.5, 144925.0, 144983.8, 145049.6, 145109.8, 145172.2, 145231.8, 145296.1, 145351.2, 145409.8, 145469.2, 145675.0, 145687.2, 145731.1, 145831.4, 145945.6, 145980.7, 146242.3, 146303.0, 146499.5, 146575.1, 146657.0, 146732.4, 146811.0, 146901.7, 146974.7, 147049.5, 147124.5, 147203.0, 147278.2, 147351.8, 147423.8, 147499.6, 147573.5, 147649.9, 147752.2, 147832.3, 147891.9, 147957.5, 148028.7, 148106.0, 148184.3, 148269.1, 148626.8, 148751.0, 148931.4, 148984.7, 149055.7, 149132.6, 149186.3, 149246.3, 149284.5, 149303.1, 149356.7, 149409.6, 149486.7, 149555.5, 149631.1, 149706.9, 149778.8, 149851.4, 149923.5, 150007.9, 150122.9, 150359.3, 150625.2, 150699.1, 150891.0, 151159.8, 151201.9, 151400.5, 152045.6, 152139.8, 152239.3, 152355.5, 152466.8, 152560.0, 152648.8, 152771.9, 152995.3, 153356.1, 153471.6, 153716.5, 153768.0, 153793.9, 153938.4, 154153.1, 154170.9, 154219.7, 154265.1, 154314.8, 154367.8, 154544.6, 154731.5, 154789.1, 154907.5, 154965.5, 154996.9, 155275.4, 155790.5, 156092.1, 156142.1, 156572.5, 156600.8, 156639.1, 157166.5, 157178.8, 157976.8, 158324.8, 158442.9, 158534.5, 158659.7, 158712.5, 158852.0, 159000.3, 159009.2, 159301.1, 159573.2, 159794.9, 160045.6, 160180.0, 160279.4, 160404.5, 160478.7, 160553.7, 160687.5, 160760.4, 160785.4, 160830.5, 160834.4, 160875.6, 160920.0, 160967.0, 161006.3, 161023.7, 161034.0, 161039.6, 161040.9, 161055.0, 161080.7, 161106.4, 161144.4, 161187.3, 161208.6, 161230.2, 161273.6, 161317.3, 161361.7, 161401.2, 161439.0, 161588.0, 161633.7, 161674.4, 161724.4, 161760.0, 161802.7, 161839.5, 161881.0, 161919.2, 161959.1, 161998.3, 162038.0, 162058.1, 162078.6, 162116.7, 162166.9, 162199.8, 162244.7, 162287.4, 162329.5, 162367.4, 162408.2, 162449.2, 162488.6, 162533.1, 162570.1, 162594.2, 162621.0, 162639.4, 162656.5, 162668.7, 162686.4, 162716.9, 162914.6, 163046.0, 163103.4, 163121.0, 163210.5, 163221.5, 163232.1, 163264.4, 163293.6, 163323.8, 163353.9, 163385.2, 163415.9, 163446.6, 163478.0, 163509.5, 163540.4, 163571.1, 163601.5, 163632.5, 163663.5, 163695.2, 163726.2, 163756.8, 163787.4, 163911.6, 164019.4, 164052.6, 164081.4, 164157.7, 164328.0, 164420.8, 164607.0, 164745.5, 164875.1, 164947.7, 165018.3, 165118.6, 165193.5, 165323.6, 165402.4, 165658.0, 165778.7, 165963.8, 166580.5, 166796.7, 166833.7, 166924.3, 167071.0, 167089.4, 167610.6, 167646.7, 167664.4, 167682.4, 167700.3, 167717.7, 167735.8, 167753.5, 167770.2, 167786.8, 167802.8, 167819.8, 167835.6, 167850.6, 167866.0, 167881.2, 167895.1, 167911.9, 167927.6, 167941.8, 167957.8, 167972.7, 167988.1, 168002.6, 168017.1, 168031.6, 168046.4, 168060.9, 168075.7, 168090.0, 168104.6, 168119.2, 168133.8, 168148.5, 168221.6, 168557.1, 168616.3, 168658.5, 168713.8, 168785.2, 168968.1, 168997.9, 169027.4, 169059.1, 169089.1, 169118.2, 169148.4, 169180.3, 169205.9, 169236.0, 169266.3, 169297.0, 169327.1, 169357.6, 169387.7, 169418.7, 169448.7, 169479.0, 169511.0, 169541.1, 169571.6, 169601.7, 169632.2, 169662.7, 169693.3, 169724.1, 169758.0, 170039.4, 170062.2, 170077.0, 170093.4, 170107.5, 170122.2, 170137.0, 170151.6, 170198.9, 170212.5, 170225.8, 170241.8, 170255.3, 170268.7, 170282.5, 170295.6, 170308.3, 170322.6, 170336.1, 170350.0, 170363.9, 170378.6, 170392.5, 170407.1, 170426.5, 170439.1, 170454.3, 170469.0, 170484.4, 170497.5, 170511.3, 170524.5, 170537.8, 170551.3, 170565.8, 170579.6, 170594.3, 170607.6, 170621.2, 170635.6, 170654.6, 170669.1, 170683.2, 170699.3, 170714.2, 170729.0, 170744.1, 170758.4, 170772.6, 170789.7, 170805.3, 170820.3, 170835.3, 170850.9, 170866.1, 170881.1, 170897.4, 170912.9, 170927.8, 170942.4, 170958.1, 170973.1, 170991.0, 171012.9, 171034.8, 171049.0, 171065.0, 171125.8, 171141.1, 171156.2, 171171.1, 171186.5, 171202.0, 171218.0, 171232.7, 171248.3, 171262.8, 171278.5, 171293.9, 171308.5, 171323.2, 171339.2, 171354.5, 171369.7, 171400.7, 171446.1, 171460.8, 171476.0, 171491.3, 171506.3, 171521.6, 171537.5, 171552.0, 171567.2, 171582.4, 171597.3, 171612.5, 171627.8, 171641.7, 171676.3, 171700.4, 171726.5, 171750.5, 171774.9, 171806.2, 171829.4, 171850.5, 171874.1, 171896.0, 171915.3, 171965.0, 172024.7, 172095.9, 172182.9, 172252.8, 172379.0, 172402.8, 172426.0, 172449.3, 172472.2, 172493.9, 172518.2, 172540.5, 172563.9, 172585.8, 172608.4, 172630.9, 172654.3, 172667.9, 172676.7, 172700.0, 172721.8, 172745.1, 172767.9, 172791.0, 172813.1, 172835.8, 172855.7, 172876.2, 172893.7, 172911.5, 172928.3, 172944.3, 172961.7, 172980.4, 173001.0, 173021.9, 173039.9, 173057.7, 173078.4, 173095.1, 173380.5, 173400.6, 173415.4, 173431.6, 173450.7, 173470.3, 173490.0, 173509.7, 173526.2, 173543.8, 173562.5, 173582.6, 173601.5, 173622.0, 173643.6, 173664.0, 173978.7, 173996.9, 174012.6, 174028.6, 174049.5, 174070.7, 174089.9, 174108.0, 174129.7, 174148.8, 174167.7, 174191.2, 174207.7, 174222.7, 174237.8, 174253.8, 174270.9, 174287.7, 174308.3, 174328.7, 174347.8, 174369.3, 174390.4, 174410.8, 174432.1, 174453.1, 174473.2, 174495.0, 174514.9, 174535.3, 174555.4, 174576.6, 174597.2, 174618.2, 174638.7, 174658.3, 174680.6, 174700.6, 174718.4, 174738.9, 174758.1, 174778.9, 174797.4, 174815.5, 174832.8, 174852.0, 174871.6, 174890.7, 174907.5, 174926.1, 174940.3, 174952.6, 174964.9, 174981.2, 174998.0, 175014.2, 175047.2, 175080.6, 175112.8, 175145.6, 175178.5, 175211.3, 175244.3, 175276.9, 175309.8, 175341.2, 175370.2, 175388.8, 175433.0, 175464.4, 175491.5, 175535.3, 175571.9, 175578.9, 175610.0, 175645.6, 175677.9, 175713.5, 175746.4, 175778.7, 175811.3, 175828.1, 175843.8, 175861.0, 175876.9, 175893.4, 175909.4, 175926.3, 175942.4, 175951.3, 175955.6, 175968.6, 175982.6, 175998.8, 176014.6, 176029.9, 176046.8, 176062.1, 176076.7, 176091.5, 176107.0, 176122.8, 176139.0, 176154.0, 176170.1, 176185.6, 176200.3, 176215.5, 176231.0, 176245.7, 176260.7, 176275.9, 176291.0, 176306.8, 176322.6, 176337.6, 176352.5, 176368.1, 176383.1, 176396.6, 176411.4, 176427.4, 176442.6, 176458.0, 176474.2, 176489.5, 176503.9, 176519.6, 176534.4, 176550.0, 176564.9, 176580.9, 176595.5, 176611.1, 176626.8, 176643.0, 177250.2, 177266.7, 177282.0, 177298.8, 177313.1, 177329.2, 177342.8, 177357.4, 177372.8, 177387.5, 177402.9, 177418.4, 177434.0, 177449.2, 177464.2, 177480.4, 177494.5, 177509.2, 177525.8, 177540.6, 177555.8, 177571.2, 177586.2, 177600.6, 177616.3, 177631.2, 177647.3, 177658.9, 177678.9, 177693.8, 177709.2, 177724.6, 177740.6, 177755.7, 177771.0, 177786.2, 177801.5, 177816.7, 177831.9, 177847.4, 177862.4, 177877.3, 177893.0, 177908.5, 177923.5, 177968.8, 177985.0, 178000.1, 178014.4, 178030.7, 178045.5, 178060.6, 178075.8, 178090.8, 178196.7, 178213.0, 178227.9, 178242.9, 178258.5, 178273.5, 178288.8, 178319.0, 178334.1, 178349.4, 178364.4, 178379.8, 178394.7, 178410.1, 178425.4, 178440.3, 178456.0, 178497.3, 178621.8, 178701.2, 178747.5, 178761.7, 178777.4, 178871.4, 179131.2, 179148.3, 179162.4, 179177.8, 179193.3, 179208.2, 179224.3, 179239.1, 179254.5, 179269.5, 179284.0, 179299.8, 179314.6, 179329.6, 179345.6, 179360.5, 179376.2, 179391.6, 179406.8, 179421.7, 179437.1, 179451.9, 179467.8, 179483.5, 179499.0, 179513.5, 179528.9, 179544.6, 179559.8, 179575.6, 179591.1, 179606.2, 179621.0, 179636.7, 179651.6, 179667.2, 179681.9, 179697.4, 179712.4, 179728.0, 179743.9, 179759.1, 179774.0, 179789.6, 179804.6, 179819.6, 179834.9, 179850.2, 179866.3, 179881.5, 179896.7, 179911.9, 179927.1, 179942.5, 179957.7, 179973.4, 179988.6, 180004.1, 180019.3, 180034.4, 180050.1, 180064.9, 180080.4, 180095.6, 180110.7, 180126.5, 180141.7, 180157.0, 180171.5, 180188.4, 180204.7, 180235.0, 180335.4, 180519.4, 180558.0, 180581.1, 180609.7, 180640.4, 180656.3, 180671.6, 180686.4, 180702.3, 180717.1, 180732.6, 180747.6, 180762.8, 180778.4, 180793.4, 180808.1, 180823.5, 180839.2, 180854.2, 180869.5, 180884.6, 180899.1, 180915.1, 180929.4, 180945.3, 180960.9, 180975.5, 180990.8, 181006.1, 181044.0, 181051.1, 181067.2, 181082.4, 181097.6, 181112.7, 181128.1, 181142.9, 181158.3, 181173.2, 181188.6, 181203.4, 181218.9, 181234.1, 181248.9, 181264.1, 181279.2, 181294.2, 181309.8, 181324.9, 181339.9, 181358.8, 181373.4, 181412.9, 181441.5, 181465.0, 181495.1, 181524.5, 181554.1, 181584.8, 181613.8, 181641.1, 181675.1, 181707.5, 181738.4, 181937.0, 182024.0, 182070.5, 182261.3, 182351.6, 182533.2, 182687.7, 182839.9, 182927.5, 182943.2, 182958.2, 182973.7, 182988.2, 183003.9, 183019.4, 183034.8, 183049.7, 183064.8, 183080.3, 183095.0, 183110.3, 183126.5, 183141.5, 183155.9, 183171.7, 183189.0, 183204.9, 183219.8, 183234.9, 183250.0, 183265.0, 183544.3, 183614.6, 183874.1, 183930.5, 184389.9, 184473.9, 184533.8, 184547.6, 184573.5, 184625.4, 184729.8, 184777.0, 184818.0, 184859.7, 184896.9, 184939.5, 184981.8, 185022.3, 185067.2, 185118.3, 185166.6, 185213.1, 185259.9, 185305.9, 185349.7, 185372.4, 185423.8, 185452.5, 185489.1, 185527.4, 185564.3, 185590.4, 185651.5, 185670.7, 185690.0, 185709.1, 185731.6, 185778.0, 185822.5, 185892.3, 185934.6, 185991.0, 186021.9, 186283.0, 186313.1, 186837.6, 186852.9, 186868.0, 186883.8, 186898.7, 186914.3, 186929.2, 186944.3, 186959.4, 186974.3, 186990.2, 187005.3, 187019.8, 187035.1, 187050.1, 187065.4, 187080.8, 187096.4, 187111.2, 187126.2, 187141.1, 187156.0, 187171.7, 187186.9, 187201.6, 187211.8, 187226.8, 187242.1, 187257.2, 187272.6, 187287.6, 187302.5, 187317.5, 187332.6, 187353.6, 187368.6, 187383.5, 187402.1, 187721.3, 187829.7, 188025.3, 188040.6, 188059.2, 188075.5, 188090.3, 188102.3, 188118.0, 188132.6, 188150.4, 188165.3, 188180.4, 188195.6, 188211.2, 188226.1, 188242.2, 188257.7, 188272.9, 188288.2, 188304.3, 188311.6, 188319.8, 188334.8, 188349.9, 188366.1, 188397.0, 188427.5, 188443.3, 188458.3, 188473.7, 188491.0, 188504.2, 188518.9, 188535.2, 188549.8, 188572.7, 188594.6, 188617.1, 188642.9, 188687.1, 188705.0, 188723.5, 188807.2, 188821.5, 188836.7, 188850.2, 188864.0, 188879.6, 188895.1, 188910.6, 188923.8, 188938.5, 188953.6, 188969.8, 188985.1, 188999.9, 189016.0, 189031.7, 189047.2, 189061.2, 189077.4, 189100.6, 189114.3, 189129.3, 189158.5, 189246.7, 189277.7, 189308.1, 189339.3, 189370.2, 189400.5, 189431.6, 189446.5, 189461.7, 189477.2, 189493.1, 189508.2, 189523.8, 189545.4, 189568.2, 189584.8, 189599.6, 189615.1, 189630.1, 189644.2, 189675.5, 189706.3, 189735.4, 189763.8, 189794.6, 189823.5, 189853.2, 189883.1, 189912.3, 189942.6, 189971.4, 190001.2, 190030.7, 190060.0, 190089.5, 190117.9, 190148.1, 190176.1, 190304.8, 190740.9, 190781.4, 190803.5, 190818.6, 190833.7, 190849.4, 190865.1, 190879.9, 190895.0, 190910.7, 190926.0, 190940.9, 190956.3, 190971.6, 190986.6, 191002.5, 191019.1, 191032.9, 191048.3, 191063.5, 191078.8, 191093.8, 191109.7, 191125.1, 191140.1, 191155.6, 191170.5, 191185.1, 191201.1, 191216.1, 191231.4, 191246.8, 191262.1, 191269.8, 191292.2, 191307.9, 191323.2, 191338.2, 191353.2, 191368.6, 191384.4, 191399.4, 191414.1, 191430.0, 191444.1, 191459.2, 191473.9, 191489.4, 191505.2, 191519.7, 191536.9, 191551.4, 191565.8, 191581.2, 191596.2, 191608.8, 191623.1, 191632.9, 191642.8, 191656.8, 191666.0, 191674.5, 191689.6, 191704.6, 191719.9, 191735.1, 191750.7, 191766.4, 191781.6, 191796.8, 191813.1, 191827.7, 191842.9, 191858.2, 191875.2, 191890.2, 191897.8, 191904.3, 191917.7, 191931.3, 191944.5, 191960.5, 191975.6, 191983.9, 191998.1, 192010.3, 192028.0, 192041.1, 192055.5, 192064.9, 192073.7, 192081.3, 192096.3, 192111.4, 192114.6, 192126.2, 192141.7, 192157.1, 192169.9, 192176.9, 192189.5, 192194.5, 192212.2, 192415.8, 192422.0, 192437.7, 192453.0, 192498.9, 192513.9, 192529.1, 192544.0, 192559.8, 192575.7, 192590.5, 192605.8, 192636.0, 192650.9, 192666.2, 192681.1, 192696.9, 192711.7, 192727.5, 192742.9, 192758.5, 192773.6, 192789.0, 192804.0, 192819.6, 192834.5, 192849.8, 192864.9, 192880.8, 192895.5, 192910.7, 192926.2, 192941.8, 192956.7, 192972.2, 192987.4, 193002.2, 193017.7, 193032.7, 193048.1, 193063.3, 193078.8, 193094.5, 193109.4, 193124.5, 193140.1, 193155.4, 193170.1, 193185.6, 193200.9, 193216.2, 193231.7, 193247.3, 193262.1, 193277.3, 193292.7, 193307.6, 193322.4, 193338.3, 193353.3, 193368.8, 193384.3, 193398.7, 193424.9, 193434.4, 193450.4, 193466.0, 193481.0, 193495.8, 193511.1, 193526.1, 193541.2, 193556.6, 193571.9, 193587.1, 193602.7, 193618.1, 193633.3, 193648.5, 193663.7, 193679.0, 193694.4, 193709.5, 193725.0, 193740.2, 193755.3, 193770.3, 193785.6, 193804.0, 193826.9, 193845.7, 193864.3, 193883.7, 193902.8, 193924.3, 193943.5, 193962.2, 193982.6, 194004.2, 194026.8, 194051.5, 194070.2, 194090.1, 194105.4, 194117.7, 194132.8, 194148.5, 194163.1, 194179.2, 194194.6, 194209.4, 194224.7, 194240.4, 194256.9, 194270.5, 194285.6, 194301.4, 194317.1, 194332.2, 194347.5, 194362.8, 194377.2, 194393.2, 194408.7, 194423.7, 194438.7, 194454.4, 194469.9, 194484.8, 194499.7, 194515.5, 194530.6, 194546.2, 194561.3, 194576.5, 194591.9, 194607.7, 194621.9, 194637.4, 194652.4, 194668.3, 194683.2, 194698.8, 194714.1, 194726.5, 194740.1, 194756.4, 194771.1, 194786.0, 194800.7, 194817.0, 194832.1, 194847.5, 194862.8, 194878.0, 194893.3, 194908.7, 194923.2, 194938.5, 194954.8, 194969.1, 194985.1, 194999.7, 195015.4, 195030.6, 195045.5, 195061.0, 195075.8, 195091.2, 195106.0, 195122.0, 195137.0, 195152.6, 195168.3, 195183.0, 195198.3, 195213.6, 195229.1, 195244.4, 195259.0, 195270.8, 195290.4, 195305.6, 195320.8, 195333.3, 195347.9, 195360.9, 195374.9, 195385.6, 195399.5, 195412.4, 195426.4, 195442.4, 195458.0, 195473.1, 195487.9, 195502.8, 195518.6, 195533.9, 195548.8, 195564.5, 195579.3, 195594.3, 195609.6, 195625.3, 195640.5, 195656.5, 195671.6, 195686.9, 195701.5, 195716.2, 195726.7, 195737.7, 195743.4, 195752.6, 195757.9, 195768.6, 195778.8, 195794.4, 195809.1, 195817.6, 195825.2, 195833.2, 195840.5, 195848.8, 195855.4, 195863.9, 195871.4, 195879.4, 195888.5, 195899.1, 195914.7, 196028.6, 196051.2, 196066.7, 196093.3, 196109.2, 196123.9, 196138.5, 196153.1, 196169.2, 196183.6, 196226.0, 196268.2, 196286.1, 196294.7, 196301.2, 196307.6, 196313.5, 196319.9, 196326.1, 196331.8, 196337.0, 196342.1, 196347.9, 196355.4, 196361.0, 196367.2, 196372.9, 196379.0, 196384.1, 196390.1, 196396.1, 196402.2, 196408.0, 196414.2, 196419.8, 196425.9, 196429.4, 196436.1, 196440.0, 196445.3, 196450.9, 196455.9, 196462.5, 196468.1, 196474.4, 196479.9, 196486.5, 196492.2, 196498.4, 196504.2, 196510.6, 196516.2, 196522.2, 196528.0, 196534.3, 196540.1, 196546.3, 196551.9, 196558.2, 196564.0, 196570.0, 196575.9, 196581.9, 196588.1, 196596.4, 196604.8, 196611.0, 196616.8, 196622.8, 196629.0, 196635.3, 196641.5, 196647.5, 196653.8, 196659.5, 196665.5, 196671.3, 196677.1, 196688.9, 196736.7]}, "geometry": {"type": "LineString", "coordinates": [[-75.4959013, 39.6808201], [-75.4953644, 39.680696], [-75.4936973, 39.6802453], [-75.4925077, 39.6799105], [-75.4921635, 39.6798144], [-75.491825, 39.6797231], [-75.491492, 39.679635], [-75.4911454, 39.6795493], [-75.4908008, 39.6794709], [-75.4904571, 39.6793979], [-75.4900992, 39.6793263], [-75.4897759, 39.6792677], [-75.4894288, 39.6792103], [-75.4890778, 39.6791573], [-75.4887274, 39.6791094], [-75.4883679, 39.6790638], [-75.4880272, 39.6790261], [-75.4877045, 39.6789946], [-75.4874341, 39.678974], [-75.4871678, 39.6789579], [-75.4868941, 39.6789446], [-75.4866056, 39.6789338], [-75.4862635, 39.6789213], [-75.4861837, 39.6789178], [-75.4861246, 39.6789142], [-75.4860655, 39.6789116], [-75.4860122, 39.6789086], [-75.4857983, 39.678878], [-75.4848234, 39.6788936], [-75.484576, 39.6789002], [-75.4842706, 39.6789099], [-75.4839812, 39.6789254], [-75.4836146, 39.6789416], [-75.4832604, 39.6789547], [-75.4829031, 39.6789756], [-75.4825485, 39.6790061], [-75.4821863, 39.679036], [-75.4819047, 39.6790638], [-75.4815924, 39.679096], [-75.4812822, 39.6791318], [-75.4807816, 39.6791956], [-75.4798289, 39.6793284], [-75.4795826, 39.6794012], [-75.4793925, 39.6794344], [-75.479033, 39.6795024], [-75.4701977, 39.6812053], [-75.4693169, 39.6813828], [-75.467967, 39.681627], [-75.4656068, 39.6820869], [-75.464549, 39.682293], [-75.4627716, 39.6826408], [-75.4623639, 39.6827212], [-75.4533419, 39.6844638], [-75.4530002, 39.6845297], [-75.4526633, 39.6845918], [-75.4523079, 39.6846518], [-75.4519371, 39.6847066], [-75.450516, 39.6848784], [-75.4502118, 39.6848633], [-75.4495738, 39.6848919], [-75.4492603, 39.6849174], [-75.449009, 39.6849406], [-75.4487717, 39.6849687], [-75.4485658, 39.6849985], [-75.448443, 39.68502], [-75.4481973, 39.6850636], [-75.4474684, 39.6852087], [-75.4470516, 39.6852918], [-75.4466411, 39.685385], [-75.4463, 39.6854713], [-75.4459579, 39.6855719], [-75.4456316, 39.6856787], [-75.445303, 39.6857837], [-75.4449033, 39.6859113], [-75.4444818, 39.6860245], [-75.4438642, 39.686233], [-75.4428309, 39.686414], [-75.4424712, 39.6864828], [-75.4421258, 39.6865376], [-75.4417763, 39.6865926], [-75.44142, 39.6866503], [-75.4199485, 39.6900186], [-75.418388, 39.690284], [-75.41776, 39.69041], [-75.417068, 39.690555], [-75.416416, 39.6907], [-75.415116, 39.691019], [-75.414659, 39.69114], [-75.41388, 39.691353], [-75.413015, 39.691605], [-75.412402, 39.691799], [-75.407081, 39.69344], [-75.406303, 39.693684], [-75.40307, 39.69468], [-75.4025955, 39.6948257], [-75.3998235, 39.6956546], [-75.397502, 39.696399], [-75.3913807, 39.6982659], [-75.3815693, 39.7013184], [-75.3809203, 39.7015296], [-75.3802692, 39.7017444], [-75.3796143, 39.7019686], [-75.3789634, 39.7021937], [-75.3783162, 39.7024235], [-75.3776714, 39.7026588], [-75.3553692, 39.7106892], [-75.354393, 39.711039], [-75.3531349, 39.7115224], [-75.352613, 39.7117305], [-75.35089, 39.712483], [-75.3505961, 39.7126305], [-75.350392, 39.712733], [-75.34987, 39.712968], [-75.349218, 39.713259], [-75.348803, 39.713456], [-75.348256, 39.713691], [-75.347642, 39.713972], [-75.346681, 39.714388], [-75.345551, 39.714908], [-75.344937, 39.715198], [-75.344012, 39.715623], [-75.342075, 39.716509], [-75.341116, 39.71693], [-75.34009, 39.717396], [-75.339648, 39.717604], [-75.337619, 39.718525], [-75.335771, 39.719354], [-75.335441, 39.719491], [-75.3330389, 39.7206516], [-75.3318597, 39.7211985], [-75.330624, 39.7217687], [-75.329222, 39.7224055], [-75.3276155, 39.7231383], [-75.3263827, 39.7237058], [-75.324963, 39.7243595], [-75.3243279, 39.7246648], [-75.3236647, 39.7249881], [-75.3233191, 39.7251641], [-75.3227821, 39.7254478], [-75.3216146, 39.7261015], [-75.3199248, 39.7271068], [-75.3195578, 39.7273329], [-75.3182265, 39.7281287], [-75.317726, 39.728443], [-75.3146793, 39.7302757], [-75.3133682, 39.7310771], [-75.3112412, 39.732357], [-75.308263, 39.734149], [-75.306974, 39.734959], [-75.30462, 39.736361], [-75.302827, 39.737425], [-75.301133, 39.738456], [-75.298948, 39.739805], [-75.298008, 39.740352], [-75.297283, 39.740786], [-75.296629, 39.741153], [-75.29613, 39.74147], [-75.295461, 39.741886], [-75.290336, 39.744998], [-75.2873391, 39.7468525], [-75.2870335, 39.7470406], [-75.2797374, 39.751459], [-75.2777605, 39.7526532], [-75.2765854, 39.75337], [-75.2761984, 39.7536043], [-75.2721454, 39.7560221], [-75.2717739, 39.7562667], [-75.2695494, 39.7576324], [-75.2691752, 39.7578594], [-75.252841, 39.7677303], [-75.251633, 39.768416], [-75.2502012, 39.7692211], [-75.2491967, 39.7697918], [-75.246165, 39.771496], [-75.243043, 39.773232], [-75.241786, 39.773942], [-75.238983, 39.775538], [-75.237908, 39.776143], [-75.23624, 39.777076], [-75.234613, 39.777993], [-75.232543, 39.779164], [-75.2308987, 39.780114], [-75.2173635, 39.7877549], [-75.2068724, 39.7936688], [-75.2065187, 39.7938657], [-75.1924984, 39.8017756], [-75.1919882, 39.8020644], [-75.1916511, 39.8022557], [-75.1907188, 39.8027671], [-75.1899139, 39.8031834], [-75.1890889, 39.8035906], [-75.1876606, 39.8042692], [-75.1845474, 39.8057556], [-75.1820108, 39.8069643], [-75.1791937, 39.8083061], [-75.1738527, 39.8108494], [-75.1711905, 39.8121202], [-75.1703593, 39.812514], [-75.1678437, 39.8137159], [-75.16531, 39.814897], [-75.162667, 39.816162], [-75.160653, 39.81712], [-75.158269, 39.818258], [-75.156054, 39.819279], [-75.154371, 39.82007], [-75.1526049, 39.8209193], [-75.1516933, 39.8213587], [-75.1505424, 39.8219465], [-75.15006, 39.8221697], [-75.148279, 39.822995], [-75.147531, 39.823354], [-75.1470489, 39.8235769], [-75.144854, 39.824592], [-75.141889, 39.826023], [-75.139055, 39.827428], [-75.13746, 39.828281], [-75.1358, 39.829279], [-75.135485, 39.829459], [-75.135025, 39.829766], [-75.134195, 39.830335], [-75.133052, 39.831183], [-75.132798, 39.831391], [-75.132039, 39.831973], [-75.131422, 39.832428], [-75.1301637, 39.8334433], [-75.1285604, 39.8346961], [-75.1278597, 39.835237], [-75.126674, 39.8361637], [-75.123541, 39.838589], [-75.122143, 39.839683], [-75.120559, 39.84091], [-75.1186114, 39.8424265], [-75.1182918, 39.8426753], [-75.112374, 39.847283], [-75.111636, 39.847856], [-75.11034, 39.848817], [-75.109036, 39.849715], [-75.107521, 39.850671], [-75.107039, 39.850965], [-75.105815, 39.851655], [-75.104171, 39.852499], [-75.102583, 39.853235], [-75.101206, 39.853831], [-75.100346, 39.854169], [-75.099973, 39.854314], [-75.0995401, 39.8544784], [-75.0994069, 39.854529], [-75.0992388, 39.8545928], [-75.099096, 39.8546471], [-75.0979477, 39.8550237], [-75.094648, 39.85599], [-75.093427, 39.856285], [-75.091881, 39.856624], [-75.086112, 39.857634], [-75.082794, 39.858212], [-75.08158, 39.858431], [-75.0795541, 39.8587771], [-75.0792703, 39.8588267], [-75.0787016, 39.8589265], [-75.0783722, 39.8589838], [-75.0781995, 39.8590028], [-75.0780287, 39.8590179], [-75.0769738, 39.8591992], [-75.0768282, 39.859232], [-75.0762302, 39.8593391], [-75.073184, 39.859899], [-75.069579, 39.860526], [-75.0486928, 39.8641985], [-75.0481512, 39.8642934], [-75.0476688, 39.8643791], [-75.043261, 39.865162], [-75.042929, 39.86522], [-75.042751, 39.865252], [-75.042338, 39.865324], [-75.040746, 39.865603], [-75.03875, 39.865954], [-75.038202, 39.866051], [-75.037477, 39.866179], [-75.036673, 39.866338], [-75.036077, 39.866466], [-75.034538, 39.866839], [-75.033548, 39.867094], [-75.031659, 39.867667], [-75.030545, 39.86804], [-75.029343, 39.868464], [-75.027958, 39.869002], [-75.02522, 39.870095], [-75.018523, 39.87275], [-75.017926, 39.873016], [-75.017235, 39.873328], [-75.016593, 39.873617], [-75.016491, 39.873663], [-75.015718, 39.874035], [-75.014922, 39.87446], [-75.014588, 39.87464], [-75.013958, 39.874972], [-75.011338, 39.876503], [-75.010055, 39.877385], [-75.0096225, 39.8777052], [-75.009154, 39.878052], [-75.008436, 39.878598], [-75.007364, 39.879472], [-75.006799, 39.879953], [-75.0062651, 39.8804137], [-75.005651, 39.881002], [-75.004761, 39.88188], [-75.002929, 39.883728], [-75.000489, 39.886234], [-74.999525, 39.887207], [-74.998818, 39.887953], [-74.9971474, 39.8896626], [-74.994766, 39.892094], [-74.991394, 39.895564], [-74.990539, 39.896422], [-74.9899034, 39.8970687], [-74.987921, 39.899086], [-74.983473, 39.903641], [-74.981138, 39.90602], [-74.980193, 39.906957], [-74.9796923, 39.907495], [-74.979307, 39.9079], [-74.97837, 39.908837], [-74.975603, 39.911679], [-74.972795, 39.914527], [-74.971906, 39.915391], [-74.97133, 39.91593], [-74.969722, 39.917366], [-74.968635, 39.918287], [-74.967505, 39.919213], [-74.966918, 39.919676], [-74.9657668, 39.9206182], [-74.965506, 39.920838], [-74.965048, 39.921209], [-74.964592, 39.921586], [-74.964365, 39.92177], [-74.964134, 39.921963], [-74.963697, 39.922318], [-74.963476, 39.922502], [-74.962149, 39.923583], [-74.96171, 39.923943], [-74.960618, 39.924844], [-74.9604, 39.92502], [-74.959529, 39.92574], [-74.959314, 39.92592], [-74.9590303, 39.9261652], [-74.9544145, 39.9299343], [-74.9531374, 39.9309788], [-74.9486924, 39.934639], [-74.9485393, 39.9347247], [-74.9480227, 39.9351723], [-74.9461404, 39.936721], [-74.945777, 39.937029], [-74.945358, 39.937371], [-74.944906, 39.937735], [-74.944748, 39.937866], [-74.944585, 39.937997], [-74.944252, 39.938258], [-74.944082, 39.938388], [-74.94391, 39.938523], [-74.943736, 39.938663], [-74.943558, 39.938798], [-74.943009, 39.939221], [-74.942628, 39.939509], [-74.942432, 39.939662], [-74.942032, 39.939959], [-74.941829, 39.940112], [-74.941624, 39.940261], [-74.941419, 39.940414], [-74.941212, 39.940572], [-74.941004, 39.940725], [-74.940795, 39.940882], [-74.940585, 39.941035], [-74.940162, 39.94135], [-74.939948, 39.941513], [-74.939515, 39.941832], [-74.939295, 39.941999], [-74.938855, 39.942327], [-74.938633, 39.942494], [-74.938181, 39.942827], [-74.937952, 39.942998], [-74.937721, 39.943165], [-74.937488, 39.94334], [-74.937255, 39.943511], [-74.936787, 39.943862], [-74.936551, 39.944034], [-74.935837, 39.94456], [-74.935597, 39.94474], [-74.935359, 39.944916], [-74.93512, 39.945096], [-74.934882, 39.945271], [-74.934176, 39.945798], [-74.933942, 39.945969], [-74.933707, 39.946145], [-74.933473, 39.946316], [-74.933239, 39.946491], [-74.932772, 39.946833], [-74.93254, 39.947009], [-74.932307, 39.94718], [-74.932074, 39.947356], [-74.931378, 39.947869], [-74.930911, 39.94822], [-74.930213, 39.948733], [-74.929981, 39.948909], [-74.929748, 39.94908], [-74.929514, 39.949255], [-74.929281, 39.949422], [-74.928575, 39.949948], [-74.928339, 39.950128], [-74.928104, 39.950304], [-74.927173, 39.951024], [-74.926941, 39.951209], [-74.926709, 39.951389], [-74.925093, 39.952685], [-74.923459, 39.954009], [-74.922987, 39.954387], [-74.92275, 39.95458], [-74.922513, 39.954769], [-74.9212673, 39.9557735], [-74.9200687, 39.9567446], [-74.9187144, 39.9578339], [-74.9181334, 39.9583074], [-74.917851, 39.958546], [-74.917383, 39.958924], [-74.916911, 39.959302], [-74.916675, 39.959486], [-74.916441, 39.959675], [-74.916208, 39.95986], [-74.915746, 39.960238], [-74.915514, 39.960423], [-74.915282, 39.960612], [-74.915051, 39.960796], [-74.914352, 39.961363], [-74.914118, 39.961548], [-74.913187, 39.962304], [-74.912955, 39.962497], [-74.912724, 39.962686], [-74.912494, 39.96288], [-74.912265, 39.963069], [-74.911578, 39.963654], [-74.91067, 39.964446], [-74.910057, 39.964986], [-74.909329, 39.965648], [-74.908887, 39.966053], [-74.908012, 39.966863], [-74.9071462, 39.9676744], [-74.906701, 39.968074], [-74.906266, 39.968488], [-74.906046, 39.968691], [-74.905826, 39.968898], [-74.905166, 39.969506], [-74.904946, 39.969713], [-74.904507, 39.970118], [-74.904288, 39.970325], [-74.904068, 39.970527], [-74.903404, 39.971148], [-74.903182, 39.971351], [-74.902741, 39.971765], [-74.9025938, 39.9719015], [-74.902522, 39.971968], [-74.901671, 39.972764], [-74.901028, 39.973358], [-74.900616, 39.973746], [-74.900382, 39.973961], [-74.900167, 39.974164], [-74.899525, 39.974758], [-74.899311, 39.974952], [-74.899095, 39.975132], [-74.898875, 39.975325], [-74.8986148, 39.9755475], [-74.898206, 39.975897], [-74.897748, 39.976266], [-74.89728, 39.976635], [-74.89704, 39.976815], [-74.896549, 39.977188], [-74.896143, 39.9774793], [-74.8958598, 39.9776898], [-74.8955766, 39.9779003], [-74.895253, 39.978115], [-74.89486, 39.9783511], [-74.8941535, 39.9787894], [-74.8937439, 39.9790122], [-74.893657, 39.979145], [-74.893393, 39.979307], [-74.892857, 39.979631], [-74.892312, 39.979946], [-74.891757, 39.980252], [-74.891194, 39.980557], [-74.884268, 39.984113], [-74.8838388, 39.9842692], [-74.8836082, 39.9844047], [-74.882101, 39.985234], [-74.881557, 39.985512], [-74.881283, 39.985656], [-74.88101, 39.985791], [-74.880459, 39.986079], [-74.8803596, 39.9861323], [-74.880183, 39.986227], [-74.879908, 39.986371], [-74.879355, 39.986668], [-74.878802, 39.986974], [-74.8785, 39.987146], [-74.878251, 39.987293], [-74.877977, 39.98745], [-74.877703, 39.987612], [-74.877162, 39.987927], [-74.876893, 39.988089], [-74.876627, 39.988246], [-74.876362, 39.988408], [-74.87558, 39.988894], [-74.875064, 39.989218], [-74.87455, 39.98955], [-74.874296, 39.989717], [-74.874045, 39.989883], [-74.8737988, 39.9900505], [-74.873542, 39.99022], [-74.873045, 39.990553], [-74.87253, 39.990911], [-74.872064, 39.991228], [-74.871821, 39.991399], [-74.870851, 39.992065], [-74.870606, 39.992231], [-74.87036, 39.992402], [-74.870113, 39.992568], [-74.869371, 39.993081], [-74.868392, 39.993765], [-74.868149, 39.993931], [-74.867906, 39.994102], [-74.867663, 39.994268], [-74.867421, 39.994439], [-74.867179, 39.994606], [-74.866936, 39.994777], [-74.866449, 39.995109], [-74.866204, 39.99528], [-74.8660571, 39.9953879], [-74.865713, 39.995613], [-74.865468, 39.995784], [-74.864971, 39.996126], [-74.86421, 39.996643], [-74.86395, 39.996814], [-74.863422, 39.997147], [-74.863156, 39.997313], [-74.862622, 39.997637], [-74.862352, 39.997798], [-74.861259, 39.99841], [-74.8609902, 39.9985616], [-74.860714, 39.998711], [-74.860428, 39.99885], [-74.859585, 39.999282], [-74.858725, 39.9997], [-74.858434, 39.999839], [-74.857846, 40.000109], [-74.856947, 40.000499], [-74.85634, 40.000751], [-74.855427, 40.001115], [-74.854815, 40.001357], [-74.854509, 40.001483], [-74.853581, 40.001847], [-74.853272, 40.001972], [-74.852657, 40.002215], [-74.852349, 40.002341], [-74.851732, 40.002583], [-74.851423, 40.002709], [-74.850806, 40.002951], [-74.850498, 40.003077], [-74.849576, 40.003441], [-74.848974, 40.003692], [-74.848677, 40.003818], [-74.847793, 40.004209], [-74.847209, 40.004478], [-74.84692, 40.004613], [-74.846633, 40.004752], [-74.846349, 40.004892], [-74.846067, 40.005035], [-74.845231, 40.005467], [-74.844954, 40.005615], [-74.844678, 40.005768], [-74.844403, 40.005916], [-74.844131, 40.006069], [-74.843324, 40.006541], [-74.843057, 40.006703], [-74.842794, 40.00686], [-74.842533, 40.007022], [-74.842275, 40.007184], [-74.84202, 40.00735], [-74.841266, 40.007849], [-74.840768, 40.008191], [-74.84003, 40.008717], [-74.8397785, 40.0089014], [-74.839306, 40.009252], [-74.83907, 40.009445], [-74.838832, 40.009625], [-74.838369, 40.010003], [-74.837693, 40.010569], [-74.837251, 40.010956], [-74.837032, 40.011145], [-74.836816, 40.011339], [-74.83639, 40.011734], [-74.836181, 40.011932], [-74.835558, 40.01254], [-74.834524, 40.013574], [-74.834315, 40.013777], [-74.834106, 40.013984], [-74.833899, 40.014186], [-74.833693, 40.014393], [-74.833488, 40.014595], [-74.833075, 40.015009], [-74.832868, 40.015212], [-74.8257119, 40.0223051], [-74.8237045, 40.0242266], [-74.8224896, 40.0254993], [-74.8197738, 40.0281467], [-74.815247, 40.032691], [-74.8142079, 40.0337163], [-74.813788, 40.034139], [-74.813579, 40.034351], [-74.81316, 40.034764], [-74.812951, 40.034976], [-74.812532, 40.035389], [-74.81232, 40.035601], [-74.811898, 40.036015], [-74.811688, 40.036226], [-74.811477, 40.036433], [-74.81084, 40.037067], [-74.810626, 40.037274], [-74.810413, 40.037485], [-74.809987, 40.037899], [-74.809771, 40.038106], [-74.80933, 40.038515], [-74.809105, 40.038717], [-74.808879, 40.038924], [-74.808426, 40.039329], [-74.808199, 40.039536], [-74.807969, 40.039738], [-74.807507, 40.040138], [-74.807039, 40.040529], [-74.80586, 40.041496], [-74.805617, 40.041685], [-74.805129, 40.042071], [-74.804882, 40.04226], [-74.804634, 40.042454], [-74.804385, 40.042642], [-74.804134, 40.042827], [-74.803883, 40.043015], [-74.803631, 40.0432], [-74.80338, 40.043379], [-74.802875, 40.043748], [-74.802619, 40.043928], [-74.802103, 40.044287], [-74.801843, 40.044462], [-74.801582, 40.044642], [-74.80106, 40.044993], [-74.800536, 40.045334], [-74.800276, 40.0455], [-74.800014, 40.045671], [-74.799488, 40.046004], [-74.798954, 40.046336], [-74.798416, 40.046659], [-74.798145, 40.046826], [-74.797316, 40.047311], [-74.796753, 40.047634], [-74.79647, 40.047791], [-74.796185, 40.047953], [-74.795328, 40.048424], [-74.794484, 40.048882], [-74.792538, 40.049951], [-74.7917, 40.050409], [-74.791421, 40.050566], [-74.790026, 40.05133], [-74.789749, 40.051487], [-74.788632, 40.052097], [-74.788351, 40.052246], [-74.788071, 40.052403], [-74.787225, 40.052861], [-74.786656, 40.053175], [-74.78637, 40.053328], [-74.785516, 40.053799], [-74.78523, 40.053952], [-74.784945, 40.054109], [-74.784722, 40.054239], [-74.784093, 40.054594], [-74.783811, 40.054746], [-74.783528, 40.054904], [-74.782686, 40.055361], [-74.781851, 40.055819], [-74.781574, 40.055967], [-74.780468, 40.056578], [-74.78019, 40.056726], [-74.779911, 40.056879], [-74.779634, 40.057036], [-74.7795213, 40.0570981], [-74.779356, 40.057189], [-74.779079, 40.057346], [-74.778804, 40.057507], [-74.778254, 40.057831], [-74.777979, 40.057997], [-74.777704, 40.058158], [-74.77716, 40.058491], [-74.776357, 40.058994], [-74.775829, 40.059331], [-74.77531, 40.059672], [-74.775052, 40.059838], [-74.774794, 40.060013], [-74.774537, 40.060184], [-74.774024, 40.060534], [-74.773517, 40.060885], [-74.773265, 40.061065], [-74.773013, 40.061249], [-74.772762, 40.061428], [-74.772512, 40.061613], [-74.772263, 40.061792], [-74.771876, 40.06208], [-74.771522, 40.062349], [-74.769805, 40.063639], [-74.769562, 40.063819], [-74.768594, 40.064551], [-74.768351, 40.064731], [-74.767862, 40.065099], [-74.767617, 40.065279], [-74.766648, 40.066011], [-74.765799, 40.0666365], [-74.7655585, 40.0668239], [-74.7556741, 40.0742064], [-74.7527199, 40.0764265], [-74.7498579, 40.0785626], [-74.7494919, 40.0788747], [-74.7490703, 40.0792167], [-74.748571, 40.0795993], [-74.7480673, 40.0799888], [-74.7475836, 40.0803656], [-74.7470853, 40.0807577], [-74.7465858, 40.0811504], [-74.7461031, 40.0815426], [-74.745619, 40.0819342], [-74.7451346, 40.0823299], [-74.7446232, 40.0827556], [-74.744132, 40.0831634], [-74.743666, 40.0835556], [-74.7431857, 40.0839618], [-74.7427742, 40.0843191], [-74.7422589, 40.0847648], [-74.7417936, 40.085173], [-74.7414421, 40.0854808], [-74.7409801, 40.0858957], [-74.7405255, 40.0863041], [-74.7400677, 40.0867197], [-74.7396175, 40.0871355], [-74.739162, 40.0875587], [-74.7387197, 40.0879743], [-74.7382774, 40.0883954], [-74.7378344, 40.08882], [-74.7374038, 40.089242], [-74.7369332, 40.0897032], [-74.7365136, 40.0901247], [-74.735589, 40.091052], [-74.733367, 40.093297], [-74.733173, 40.093491], [-74.732788, 40.093882], [-74.732207, 40.094461], [-74.732013, 40.094659], [-74.731623, 40.095046], [-74.731436, 40.095239], [-74.731234, 40.095432], [-74.730845, 40.095828], [-74.72923, 40.097455], [-74.729025, 40.097661], [-74.728422, 40.098277], [-74.727414, 40.099284], [-74.726825, 40.099882], [-74.726631, 40.100075], [-74.726437, 40.100273], [-74.726245, 40.100466], [-74.726053, 40.100655], [-74.725863, 40.100848], [-74.725487, 40.101225], [-74.724561, 40.102165], [-74.723996, 40.102731], [-74.7226671, 40.1039875], [-74.7208961, 40.1058483], [-74.7190009, 40.1077454], [-74.7186077, 40.108151], [-74.7183801, 40.1083706], [-74.7180038, 40.1087532], [-74.7175858, 40.1091584], [-74.7173791, 40.1093621], [-74.7171935, 40.1095557], [-74.7169697, 40.1097728], [-74.7165672, 40.1101596], [-74.7163608, 40.1103667], [-74.7157531, 40.1109428], [-74.7155197, 40.1111585], [-74.7153317, 40.1113459], [-74.7151194, 40.1115509], [-74.7149023, 40.1117569], [-74.7145013, 40.1121272], [-74.7142646, 40.1123494], [-74.7138723, 40.11271], [-74.7136337, 40.1129302], [-74.7134213, 40.1131273], [-74.712589, 40.113911], [-74.71174, 40.114673], [-74.711512, 40.114872], [-74.711298, 40.115066], [-74.710871, 40.115443], [-74.710658, 40.115627], [-74.710229, 40.116004], [-74.709794, 40.116377], [-74.709358, 40.116746], [-74.70914, 40.116934], [-74.708705, 40.117303], [-74.708039, 40.117864], [-74.707581, 40.118246], [-74.707347, 40.118439], [-74.70711, 40.118632], [-74.7069722, 40.1187407], [-74.7062635, 40.1193216], [-74.7026109, 40.1222388], [-74.699867, 40.1243678], [-74.6997828, 40.1244816], [-74.69936, 40.124838], [-74.69914, 40.125017], [-74.698696, 40.125368], [-74.698417, 40.125592], [-74.698028, 40.125897], [-74.697357, 40.126436], [-74.697131, 40.126611], [-74.696906, 40.126791], [-74.696697, 40.1269545], [-74.6964189, 40.1271805], [-74.6948788, 40.1283475], [-74.693578, 40.1294428], [-74.6932901, 40.1296733], [-74.684097, 40.136996], [-74.683862, 40.137189], [-74.683384, 40.137566], [-74.683144, 40.137759], [-74.682904, 40.137948], [-74.682665, 40.138141], [-74.682426, 40.138329], [-74.68219, 40.138522], [-74.681966, 40.138702], [-74.680302, 40.140031], [-74.680065, 40.140215], [-74.679354, 40.140781], [-74.678879, 40.141153], [-74.678405, 40.141535], [-74.67793, 40.141912], [-74.677693, 40.142105], [-74.677457, 40.142289], [-74.67699, 40.142666], [-74.676758, 40.14285], [-74.676526, 40.143039], [-74.675362, 40.143959], [-74.675131, 40.144147], [-74.674682, 40.144502], [-74.67443, 40.144699], [-74.674196, 40.144888], [-74.673731, 40.145256], [-74.673498, 40.145445], [-74.67303, 40.145813], [-74.672797, 40.146001], [-74.672564, 40.146185], [-74.672096, 40.146562], [-74.671861, 40.146746], [-74.67139, 40.147123], [-74.671059, 40.147384], [-74.670446, 40.147873], [-74.669976, 40.14825], [-74.668787, 40.149193], [-74.66855, 40.149386], [-74.668312, 40.149574], [-74.667833, 40.14996], [-74.666652, 40.150898], [-74.666419, 40.151087], [-74.66591, 40.151491], [-74.665725, 40.151635], [-74.665495, 40.151819], [-74.665265, 40.152007], [-74.664336, 40.152743], [-74.664104, 40.152932], [-74.663642, 40.1533], [-74.66341, 40.153488], [-74.663176, 40.153672], [-74.66294, 40.153861], [-74.662464, 40.154238], [-74.661977, 40.15461], [-74.661249, 40.155189], [-74.66066, 40.1556471], [-74.6602106, 40.1559897], [-74.65544, 40.159793], [-74.6550539, 40.1601053], [-74.653285, 40.161495], [-74.652647, 40.1619984], [-74.6482044, 40.1655408], [-74.6479555, 40.1657397], [-74.6471482, 40.1663612], [-74.6467727, 40.1666378], [-74.645293, 40.167653], [-74.6450957, 40.1677874], [-74.642998, 40.169216], [-74.640477, 40.170876], [-74.637602, 40.172585], [-74.63524, 40.173933], [-74.633556, 40.174895], [-74.629297, 40.177278], [-74.626599, 40.178799], [-74.624682, 40.179895], [-74.624232, 40.180165], [-74.623191, 40.180747], [-74.6209554, 40.1819974], [-74.6173731, 40.1840162], [-74.616507, 40.184502], [-74.613371, 40.1862728], [-74.6126252, 40.1866882], [-74.6124352, 40.1867942], [-74.6105873, 40.1877762], [-74.608905, 40.18877], [-74.6051095, 40.1908996], [-74.6034028, 40.1918877], [-74.6023422, 40.192533], [-74.60027, 40.193891], [-74.599442, 40.194463], [-74.5904581, 40.2006086], [-74.585282, 40.204223], [-74.583152, 40.205686], [-74.583084, 40.205732], [-74.568853, 40.21551], [-74.5629411, 40.2195767], [-74.5627351, 40.2197078], [-74.5616387, 40.2204707], [-74.5612471, 40.2207432], [-74.559349, 40.222064], [-74.554732, 40.225194], [-74.549189, 40.228988], [-74.548317, 40.229566], [-74.547432, 40.230132], [-74.546535, 40.230686], [-74.545625, 40.231229], [-74.5419877, 40.2333193], [-74.5413953, 40.2336489], [-74.5399296, 40.2344644], [-74.538728, 40.235136], [-74.5308533, 40.2395882], [-74.5302663, 40.2399201], [-74.52776, 40.2413371], [-74.5273264, 40.241582], [-74.5268999, 40.2418293], [-74.526475, 40.2420808], [-74.5260605, 40.2423402], [-74.5256505, 40.2425978], [-74.5252444, 40.2428633], [-74.5248457, 40.2431323], [-74.5244432, 40.2434117], [-74.5240518, 40.2436934], [-74.5236689, 40.2439762], [-74.5232825, 40.2442693], [-74.5229094, 40.2445632], [-74.5225434, 40.2448552], [-74.5221758, 40.245161], [-74.5218201, 40.2454657], [-74.5214658, 40.2457797], [-74.5211185, 40.2460927], [-74.5207844, 40.2464093], [-74.5204531, 40.2467299], [-74.52012, 40.2470612], [-74.5198069, 40.247384], [-74.519491, 40.2477177], [-74.5191808, 40.2480567], [-74.5188842, 40.2483948], [-74.5185893, 40.2487393], [-74.5183019, 40.2490894], [-74.5180219, 40.2494351], [-74.5177488, 40.2497872], [-74.5174774, 40.2501522], [-74.5172192, 40.2505074], [-74.5169652, 40.2508744], [-74.5167239, 40.2512351], [-74.5164801, 40.2516066], [-74.5162509, 40.2519755], [-74.5160292, 40.2523464], [-74.5158096, 40.2527282], [-74.5156046, 40.2531005], [-74.5154035, 40.25348], [-74.5152063, 40.2538685], [-74.5150188, 40.2542545], [-74.5148399, 40.254634], [-74.5146632, 40.2550386], [-74.5145021, 40.2554136], [-74.5143497, 40.2558059], [-74.5141996, 40.2561908], [-74.5139109, 40.2569534], [-74.5131342, 40.2588324], [-74.5127984, 40.2598235], [-74.5127137, 40.2600711], [-74.5126207, 40.2603239], [-74.5093796, 40.2686605], [-74.5093202, 40.2687894], [-74.5091122, 40.2693811], [-74.5087826, 40.2703217], [-74.5086744, 40.2705965], [-74.5083245, 40.2714263], [-74.5079517, 40.272294], [-74.5078733, 40.272472], [-74.5075413, 40.2732252], [-74.5043361, 40.2804692], [-74.5042127, 40.2807496], [-74.5011325, 40.2877043], [-74.5010075, 40.2879866], [-74.5008904, 40.2882522], [-74.4975808, 40.2957555], [-74.497277, 40.2964535], [-74.4939221, 40.3041471], [-74.4938004, 40.3044263], [-74.4922696, 40.3079625], [-74.4922077, 40.3081075], [-74.4920051, 40.3085608], [-74.4906795, 40.3115442], [-74.4890962, 40.31487], [-74.4877971, 40.3176327], [-74.4869072, 40.3195326], [-74.4858818, 40.3219434], [-74.485695, 40.3224216], [-74.4853944, 40.3232667], [-74.4847677, 40.3249518], [-74.4839137, 40.3271971], [-74.4831171, 40.3289719], [-74.4823224, 40.3306988], [-74.4810186, 40.3335676], [-74.4801179, 40.3356003], [-74.4797778, 40.3363644], [-74.4784474, 40.3393351], [-74.4776991, 40.3410013], [-74.4763667, 40.3439092], [-74.4753939, 40.3460323], [-74.4743034, 40.3485354], [-74.4731956, 40.3509679], [-74.4712698, 40.3552481], [-74.4705483, 40.3568342], [-74.4704035, 40.3571531], [-74.4700682, 40.3579052], [-74.4698348, 40.3584162], [-74.4691535, 40.3599511], [-74.4687646, 40.3608545], [-74.4682845, 40.3620133], [-74.4661815, 40.3671721], [-74.4658276, 40.3680401], [-74.4657583, 40.3682106], [-74.4646981, 40.3708199], [-74.4636912, 40.3732976], [-74.4633573, 40.3741194], [-74.4620404, 40.3773457], [-74.4604649, 40.3812053], [-74.4601762, 40.3819125], [-74.4554898, 40.3934031], [-74.4549673, 40.3946841], [-74.4547349, 40.3952541], [-74.4531408, 40.3991626], [-74.4522744, 40.4013135], [-74.451923, 40.4022469], [-74.4515636, 40.4032212], [-74.4511244, 40.404444], [-74.4509007, 40.405067], [-74.4507833, 40.4053535], [-74.4493401, 40.4092974], [-74.4492642, 40.4095026], [-74.4489511, 40.4103492], [-74.4487285, 40.410921], [-74.4484308, 40.4116276], [-74.448125, 40.4123281], [-74.4476932, 40.4132451], [-74.4471943, 40.4142233], [-74.4468134, 40.4149442], [-74.4464621, 40.4155977], [-74.4460973, 40.4162491], [-74.4455608, 40.417164], [-74.4447991, 40.418426], [-74.4443623, 40.4191252], [-74.4440322, 40.4196389], [-74.4433319, 40.4206538], [-74.4426694, 40.4216135], [-74.4420901, 40.422416], [-74.441441, 40.423294], [-74.4412264, 40.4235738], [-74.4404271, 40.4245927], [-74.4389519, 40.4264364], [-74.4373372, 40.4284802], [-74.4357225, 40.4305158], [-74.4352585, 40.4311079], [-74.4344833, 40.4321553], [-74.4293949, 40.4391395], [-74.4288799, 40.439856], [-74.4284803, 40.440444], [-74.428086, 40.4410462], [-74.4277201, 40.4416167], [-74.4273296, 40.4422608], [-74.4264063, 40.44383], [-74.4243356, 40.4473409], [-74.4229316, 40.449716], [-74.4200789, 40.4545418], [-74.4199287, 40.4547928], [-74.4193547, 40.4557745], [-74.4166457, 40.4603521], [-74.4152858, 40.4626418], [-74.4116811, 40.4684739], [-74.4103566, 40.4706169], [-74.4097128, 40.4716637], [-74.4093186, 40.4722737], [-74.4090369, 40.4726737], [-74.4088547, 40.4729169], [-74.4087419, 40.4730675], [-74.4077054, 40.4742982], [-74.4070843, 40.4751364], [-74.4066203, 40.475722], [-74.4062072, 40.4762586], [-74.4057995, 40.4768196], [-74.4036537, 40.4798412], [-74.4033051, 40.4803227], [-74.4029791, 40.480793], [-74.4021222, 40.4819854], [-74.4017252, 40.4825056], [-74.4013604, 40.4829708], [-74.4009635, 40.4834604], [-74.4005665, 40.4839296], [-74.4001508, 40.4844049], [-74.3997672, 40.4848313], [-74.3993434, 40.4852781], [-74.3988258, 40.4858003], [-74.3983537, 40.4862695], [-74.3978992, 40.486701], [-74.397521, 40.4870477], [-74.3970897, 40.4874405], [-74.3951981, 40.4891346], [-74.3923252, 40.4916845], [-74.3919579, 40.4920127], [-74.3917058, 40.4922376], [-74.3875583, 40.4959378], [-74.3873455, 40.4961277], [-74.3830429, 40.4999663], [-74.3784874, 40.5040301], [-74.3780525, 40.5044181], [-74.3771818, 40.5051948], [-74.3767419, 40.5055844], [-74.3716055, 40.5101695], [-74.3695997, 40.51196], [-74.3690231, 40.5124698], [-74.3684464, 40.5129612], [-74.3678483, 40.5134567], [-74.3672474, 40.5139319], [-74.3671282, 40.5140222], [-74.3666547, 40.5143805], [-74.3665252, 40.5144741], [-74.3659948, 40.5148576], [-74.3653511, 40.5153062], [-74.3647449, 40.515712], [-74.3640422, 40.5161667], [-74.3633609, 40.5165868], [-74.3626716, 40.5169926], [-74.3619796, 40.5173881], [-74.3612286, 40.5177939], [-74.3604985, 40.5181703], [-74.3595865, 40.5186189], [-74.3591547, 40.5188249], [-74.3584627, 40.5191429], [-74.3577143, 40.5194671], [-74.356848, 40.519828], [-74.3564376, 40.5199912], [-74.3538724, 40.5209704], [-74.3530599, 40.5212805], [-74.3520324, 40.5216727], [-74.3503362, 40.5223221], [-74.3476765, 40.5233011], [-74.3470435, 40.5235872], [-74.3451365, 40.5243395], [-74.3431597, 40.5251428], [-74.3422585, 40.5255221], [-74.3412982, 40.52594], [-74.3405606, 40.5262805], [-74.3398096, 40.5266556], [-74.3390586, 40.5270491], [-74.338207, 40.5275435], [-74.3379241, 40.5277096], [-74.3350165, 40.5295322], [-74.333662, 40.5304456], [-74.3332543, 40.5307228], [-74.3308017, 40.5323802], [-74.3304262, 40.532637], [-74.329474, 40.5332771], [-74.3289028, 40.5336521], [-74.3282939, 40.5340293], [-74.3276046, 40.5344472], [-74.3269152, 40.5348467], [-74.3262206, 40.5352238], [-74.3255366, 40.5355867], [-74.3248017, 40.5359597], [-74.3240667, 40.5363185], [-74.3233372, 40.5366589], [-74.3225807, 40.5369933], [-74.3219799, 40.5372481], [-74.3213066, 40.5375254], [-74.3206736, 40.537774], [-74.3193674, 40.538249], [-74.3188064, 40.5384348], [-74.3182597, 40.5386159], [-74.3176937, 40.5387994], [-74.3170875, 40.5389889], [-74.3164223, 40.5391887], [-74.3157437, 40.5393946], [-74.3151563, 40.5395638], [-74.3144751, 40.5397554], [-74.313834, 40.5399307], [-74.3131761, 40.5401009], [-74.3124331, 40.5402802], [-74.3117492, 40.5404311], [-74.3110357, 40.5405758], [-74.3103517, 40.5407063], [-74.3096088, 40.5408326], [-74.3089704, 40.5409305], [-74.3082891, 40.5410303], [-74.3075971, 40.5411261], [-74.3051965, 40.5414339], [-74.3050537, 40.5414515], [-74.304541, 40.5415147], [-74.3033694, 40.5416592], [-74.3020354, 40.5418261], [-74.3016259, 40.5418773], [-74.2985736, 40.5422737], [-74.2978816, 40.5424174], [-74.2955978, 40.5427537], [-74.2947234, 40.5428944], [-74.2937793, 40.5430615], [-74.2929156, 40.5432327], [-74.2920197, 40.5434223], [-74.2909924, 40.5436607], [-74.2901717, 40.5438646], [-74.2893375, 40.5440888], [-74.288506, 40.5443252], [-74.287645, 40.5445902], [-74.286827, 40.5448572], [-74.286033, 40.5451283], [-74.2852606, 40.5454034], [-74.2844559, 40.5457051], [-74.2836834, 40.5460149], [-74.2828907, 40.5463471], [-74.2818448, 40.5468104], [-74.2810388, 40.5471888], [-74.280446, 40.5474803], [-74.2797996, 40.5478064], [-74.2791076, 40.5481712], [-74.2783687, 40.5485816], [-74.2776284, 40.5490055], [-74.2768452, 40.5494824], [-74.2735568, 40.5515082], [-74.2724124, 40.5522099], [-74.2707389, 40.5532166], [-74.2702616, 40.5535302], [-74.2696152, 40.5539378], [-74.2689258, 40.5543902], [-74.2684743, 40.5547303], [-74.2679482, 40.5550925], [-74.2676252, 40.5553325], [-74.2674629, 40.5554453], [-74.2669812, 40.5557597], [-74.2665387, 40.5560959], [-74.2659057, 40.5565952], [-74.2653531, 40.5570496], [-74.2647592, 40.5575585], [-74.2641756, 40.5580767], [-74.2636392, 40.558578], [-74.2631081, 40.5590915], [-74.2625931, 40.5596091], [-74.2620057, 40.5602225], [-74.2612145, 40.561064], [-74.2595944, 40.5627981], [-74.2577636, 40.5647429], [-74.2572545, 40.5652837], [-74.2559376, 40.5666896], [-74.2540868, 40.5686558], [-74.2537945, 40.5689634], [-74.2524239, 40.5704141], [-74.2479805, 40.575133], [-74.2473394, 40.5758256], [-74.2466796, 40.5765672], [-74.2459259, 40.5774412], [-74.2452232, 40.5782886], [-74.2446518, 40.5790057], [-74.2441234, 40.5796963], [-74.2434073, 40.5806599], [-74.2421807, 40.58244], [-74.2402764, 40.5853448], [-74.239671, 40.586276], [-74.2383795, 40.5882487], [-74.2381214, 40.5886684], [-74.2379919, 40.5888791], [-74.2372808, 40.5900612], [-74.2362213, 40.5918167], [-74.2361358, 40.5919629], [-74.2358988, 40.5923632], [-74.2356664, 40.5927307], [-74.2354063, 40.593132], [-74.2351193, 40.5935556], [-74.2341483, 40.594965], [-74.2331254, 40.5964549], [-74.2328169, 40.5969172], [-74.2322194, 40.5978808], [-74.2319298, 40.5983533], [-74.2317371, 40.5985948], [-74.2304008, 40.6008848], [-74.2278491, 40.6050927], [-74.2263583, 40.6075581], [-74.2261113, 40.6079665], [-74.223984, 40.6114845], [-74.2238441, 40.6117157], [-74.2236547, 40.6120286], [-74.2210461, 40.616338], [-74.2209853, 40.6164384], [-74.2170425, 40.6229615], [-74.2153446, 40.6258136], [-74.2147546, 40.6267765], [-74.2142931, 40.6275218], [-74.2136522, 40.6285374], [-74.2133839, 40.6289669], [-74.2126667, 40.6300973], [-74.2118904, 40.6312939], [-74.2118622, 40.6313704], [-74.2104191, 40.6337566], [-74.2090656, 40.6359773], [-74.2079799, 40.6377928], [-74.2067329, 40.6398391], [-74.2060704, 40.6409382], [-74.2055734, 40.6417495], [-74.2049627, 40.642774], [-74.204614, 40.6433866], [-74.2042787, 40.6440114], [-74.2036967, 40.6451307], [-74.203372, 40.6457389], [-74.2032595, 40.6459468], [-74.2030369, 40.6463152], [-74.2030158, 40.6463469], [-74.2027955, 40.6466774], [-74.202538, 40.6470254], [-74.202251, 40.6473877], [-74.2019988, 40.6476848], [-74.2018848, 40.6478155], [-74.2018123, 40.6478894], [-74.2017734, 40.6479303], [-74.2017646, 40.6479396], [-74.2016621, 40.6480404], [-74.2014758, 40.6482234], [-74.2012895, 40.6484065], [-74.2010076, 40.6486727], [-74.2006767, 40.648965], [-74.2004919, 40.6490961], [-74.2003147, 40.6492361], [-74.1999499, 40.6495109], [-74.1995717, 40.6497795], [-74.1991694, 40.6500379], [-74.1988019, 40.6502577], [-74.1984425, 40.6504612], [-74.1970088, 40.6512434], [-74.1965693, 40.6514832], [-74.1961772, 40.6516971], [-74.1956968, 40.6519592], [-74.1953535, 40.6521465], [-74.1949431, 40.6523704], [-74.194589, 40.6525636], [-74.1941895, 40.6527815], [-74.1938214, 40.6529823], [-74.1934372, 40.653192], [-74.19306, 40.6533977], [-74.192678, 40.6536061], [-74.1924852, 40.6537113], [-74.1922876, 40.6538191], [-74.1919208, 40.6540192], [-74.1914373, 40.654283], [-74.1911211, 40.6544555], [-74.1906975, 40.6546998], [-74.1903088, 40.6549462], [-74.1899426, 40.6552026], [-74.1896234, 40.6554427], [-74.1892854, 40.6557052], [-74.1889636, 40.6559819], [-74.1886659, 40.6562546], [-74.188344, 40.656572], [-74.1880919, 40.6568447], [-74.1879363, 40.6570258], [-74.1877787, 40.6572351], [-74.1876637, 40.6573763], [-74.1875617, 40.6575083], [-74.1874889, 40.6576034], [-74.1873862, 40.6577422], [-74.1872167, 40.6579851], [-74.1861446, 40.6595655], [-74.1854376, 40.6606185], [-74.1851324, 40.6610798], [-74.1850405, 40.6612225], [-74.1845512, 40.661936], [-74.1844886, 40.6620228], [-74.1844253, 40.6621055], [-74.1842492, 40.662363], [-74.1840864, 40.6625954], [-74.183918, 40.6628351], [-74.1837462, 40.6630717], [-74.1835637, 40.6633175], [-74.1833817, 40.6635565], [-74.1831991, 40.6637955], [-74.1830083, 40.664038], [-74.1828145, 40.6642797], [-74.1826218, 40.6645164], [-74.1824268, 40.6647495], [-74.1822318, 40.6649797], [-74.1820303, 40.6652119], [-74.1818264, 40.6654447], [-74.1816158, 40.6656803], [-74.1814076, 40.66591], [-74.181199, 40.666135], [-74.1809886, 40.6663598], [-74.1801352, 40.6672696], [-74.179396, 40.6680602], [-74.1791666, 40.6683037], [-74.1789684, 40.6685142], [-74.1784431, 40.6690733], [-74.1772732, 40.6703212], [-74.176636, 40.6710018], [-74.1753536, 40.6723643], [-74.1744024, 40.6733803], [-74.1734969, 40.6743217], [-74.1730034, 40.6748567], [-74.1725421, 40.6753866], [-74.171909, 40.6761504], [-74.1714611, 40.6767322], [-74.1707449, 40.6777677], [-74.1703075, 40.6783943], [-74.1688967, 40.6804284], [-74.1682453, 40.6813957], [-74.1672254, 40.682869], [-74.1638206, 40.6877781], [-74.1626288, 40.6894997], [-74.1624247, 40.6897938], [-74.161921, 40.6905135], [-74.1610955, 40.6916748], [-74.16099, 40.6918195], [-74.1579924, 40.6959192], [-74.1577857, 40.6962036], [-74.1576872, 40.696344], [-74.157587, 40.6964868], [-74.157486, 40.6966289], [-74.1573882, 40.6967665], [-74.1572884, 40.6969108], [-74.1571907, 40.697052], [-74.1570991, 40.6971845], [-74.1570068, 40.6973162], [-74.156919, 40.697444], [-74.1568286, 40.6975812], [-74.1567446, 40.6977074], [-74.1566632, 40.6978281], [-74.1565804, 40.6979508], [-74.1565006, 40.6980738], [-74.1564269, 40.6981857], [-74.1563407, 40.698322], [-74.1562604, 40.6984491], [-74.1561858, 40.698564], [-74.1561044, 40.6986939], [-74.1560288, 40.6988146], [-74.1559509, 40.69894], [-74.1558781, 40.6990587], [-74.1558056, 40.6991769], [-74.1557331, 40.6992951], [-74.1556602, 40.6994155], [-74.1555882, 40.6995346], [-74.1555161, 40.6996558], [-74.1554461, 40.699773], [-74.1553771, 40.6998931], [-74.155307, 40.7000131], [-74.1552375, 40.7001338], [-74.1551672, 40.7002543], [-74.1548322, 40.7008612], [-74.1533235, 40.703653], [-74.1530505, 40.7041435], [-74.1528472, 40.7044901], [-74.152581, 40.7049449], [-74.1522098, 40.7055222], [-74.1512577, 40.7069996], [-74.1510977, 40.7072393], [-74.1509434, 40.7074769], [-74.1507663, 40.7077284], [-74.1505929, 40.7079638], [-74.150417, 40.7081899], [-74.1502226, 40.7084176], [-74.1500123, 40.708656], [-74.1498362, 40.7088442], [-74.1496224, 40.7090606], [-74.1493984, 40.7092734], [-74.1491623, 40.7094842], [-74.1489237, 40.7096857], [-74.1486751, 40.7098851], [-74.1484238, 40.7100765], [-74.1481565, 40.7102678], [-74.1478901, 40.7104474], [-74.1476151, 40.7106227], [-74.1473175, 40.7108017], [-74.1470314, 40.7109637], [-74.1467363, 40.7111221], [-74.1464392, 40.7112718], [-74.1461321, 40.7114179], [-74.145821, 40.7115572], [-74.1455036, 40.7116909], [-74.1451796, 40.7118193], [-74.1448214, 40.7119574], [-74.1418396, 40.7130968], [-74.1415994, 40.7131907], [-74.1414435, 40.7132528], [-74.1412724, 40.7133227], [-74.1411265, 40.7133835], [-74.140973, 40.7134479], [-74.140821, 40.7135145], [-74.1406715, 40.7135809], [-74.1402241, 40.713837], [-74.1400903, 40.7139061], [-74.1399623, 40.7139756], [-74.1398088, 40.7140593], [-74.1396801, 40.714132], [-74.1395532, 40.7142044], [-74.1394232, 40.71428], [-74.1393008, 40.7143526], [-74.1391838, 40.7144251], [-74.1390529, 40.7145072], [-74.138931, 40.7145851], [-74.1388069, 40.7146677], [-74.1386846, 40.7147513], [-74.1385552, 40.7148402], [-74.1384346, 40.7149256], [-74.1383084, 40.7150152], [-74.1381433, 40.7151368], [-74.1380371, 40.7152167], [-74.137911, 40.7153146], [-74.1377922, 40.7154108], [-74.1376687, 40.7155132], [-74.1375648, 40.7156005], [-74.1374558, 40.7156942], [-74.1373541, 40.7157835], [-74.1372514, 40.7158744], [-74.1371489, 40.7159683], [-74.1370418, 40.7160705], [-74.1369402, 40.716167], [-74.1368338, 40.7162717], [-74.1367382, 40.7163669], [-74.1366409, 40.7164651], [-74.1365407, 40.7165698], [-74.1364118, 40.7167104], [-74.1363163, 40.7168184], [-74.1362251, 40.7169245], [-74.1361213, 40.7170463], [-74.1360274, 40.71716], [-74.1359367, 40.7172734], [-74.1358439, 40.7173902], [-74.1357598, 40.7175017], [-74.1356777, 40.7176134], [-74.1355798, 40.7177482], [-74.1354942, 40.7178721], [-74.1354122, 40.7179925], [-74.1353337, 40.7181133], [-74.1352524, 40.7182391], [-74.1351758, 40.7183632], [-74.1351025, 40.7184858], [-74.1350251, 40.7186201], [-74.134953, 40.7187483], [-74.1348866, 40.7188729], [-74.1348232, 40.7189944], [-74.1347573, 40.7191266], [-74.1346969, 40.7192538], [-74.1346257, 40.7194058], [-74.1345413, 40.7195914], [-74.134465, 40.7197796], [-74.1344159, 40.7199023], [-74.1343607, 40.7200401], [-74.1341571, 40.7205646], [-74.1341058, 40.720696], [-74.1340547, 40.7208269], [-74.1340053, 40.7209551], [-74.1339534, 40.7210882], [-74.1338998, 40.7212213], [-74.1338448, 40.7213593], [-74.1337937, 40.7214857], [-74.1337396, 40.72162], [-74.1336919, 40.7217449], [-74.133639, 40.7218807], [-74.1335879, 40.7220132], [-74.1335394, 40.7221392], [-74.1334903, 40.7222666], [-74.1334381, 40.7224047], [-74.1333866, 40.7225362], [-74.1333347, 40.7226677], [-74.1332308, 40.7229351], [-74.133031, 40.7233137], [-74.132979, 40.7234398], [-74.1329234, 40.7235697], [-74.1328654, 40.7237002], [-74.1328071, 40.7238277], [-74.1327442, 40.7239574], [-74.1326772, 40.7240904], [-74.1326139, 40.7242123], [-74.1325457, 40.7243385], [-74.1324743, 40.7244637], [-74.1324017, 40.7245865], [-74.1323254, 40.7247104], [-74.1322468, 40.7248345], [-74.1321749, 40.7249464], [-74.1319797, 40.7252205], [-74.1318414, 40.7254103], [-74.1316814, 40.7256115], [-74.1315306, 40.7257945], [-74.1313752, 40.7259789], [-74.1311658, 40.7262121], [-74.1310046, 40.726381], [-74.130853, 40.7265315], [-74.1306812, 40.7266996], [-74.1305136, 40.7268506], [-74.1303623, 40.7269805], [-74.1299586, 40.7273069], [-74.1294678, 40.7276938], [-74.1288754, 40.7281504], [-74.1281469, 40.7287042], [-74.1275604, 40.7291492], [-74.1265324, 40.7299741], [-74.1263436, 40.7301337], [-74.126158, 40.7302875], [-74.1259803, 40.7304483], [-74.1258087, 40.7306082], [-74.1256518, 40.7307625], [-74.1254833, 40.7309406], [-74.1253337, 40.731106], [-74.1251813, 40.7312817], [-74.1250445, 40.7314492], [-74.124912, 40.7316257], [-74.1247851, 40.7318036], [-74.1246581, 40.7319906], [-74.1245873, 40.7321003], [-74.1245411, 40.732172], [-74.1244292, 40.7323635], [-74.1243277, 40.7325439], [-74.1242252, 40.7327381], [-74.1241295, 40.7329302], [-74.1240416, 40.733127], [-74.1239623, 40.7333165], [-74.1238849, 40.7335123], [-74.1238233, 40.7336845], [-74.1237648, 40.7338639], [-74.1237211, 40.734017], [-74.1236792, 40.7341739], [-74.1236424, 40.7343227], [-74.1236114, 40.7344649], [-74.1235815, 40.7346194], [-74.1235534, 40.7347861], [-74.1235271, 40.7349707], [-74.1235081, 40.7351579], [-74.1234947, 40.7353193], [-74.1234828, 40.735479], [-74.1234718, 40.735665], [-74.1234641, 40.735815], [-74.1233508, 40.7383806], [-74.1233409, 40.7385615], [-74.1233324, 40.7386939], [-74.1233207, 40.7388398], [-74.1233052, 40.7390106], [-74.1232821, 40.7391868], [-74.1232565, 40.7393627], [-74.1232235, 40.7395382], [-74.1231925, 40.739684], [-74.1231577, 40.7398403], [-74.1231146, 40.7400056], [-74.123064, 40.7401825], [-74.1230143, 40.7403474], [-74.1229567, 40.7405268], [-74.1228952, 40.740716], [-74.1228341, 40.7408933], [-74.1219154, 40.7436367], [-74.1218594, 40.7437946], [-74.121809, 40.7439301], [-74.1217552, 40.7440684], [-74.121683, 40.744248], [-74.1216062, 40.74443], [-74.1215355, 40.744594], [-74.1214641, 40.7447477], [-74.1213752, 40.7449302], [-74.1212941, 40.7450909], [-74.1212127, 40.7452496], [-74.1211071, 40.7454452], [-74.1210307, 40.7455812], [-74.1209582, 40.7457051], [-74.120885, 40.7458284], [-74.120806, 40.7459592], [-74.1207202, 40.7460986], [-74.1206341, 40.7462353], [-74.1205223, 40.7464], [-74.1204105, 40.7465628], [-74.1203036, 40.7467141], [-74.1201799, 40.7468838], [-74.1200544, 40.7470477], [-74.1199327, 40.7472059], [-74.1197993, 40.7473684], [-74.1196659, 40.7475289], [-74.1195391, 40.7476818], [-74.1193945, 40.7478439], [-74.1192604, 40.7479912], [-74.1191209, 40.7481411], [-74.11898, 40.7482879], [-74.1188303, 40.7484401], [-74.1186795, 40.7485864], [-74.1185259, 40.7487351], [-74.1183708, 40.7488778], [-74.1182226, 40.7490136], [-74.1180518, 40.7491662], [-74.1178938, 40.7493003], [-74.1177514, 40.749419], [-74.1175846, 40.749553], [-74.1174281, 40.7496784], [-74.1172549, 40.7498125], [-74.1171, 40.7499293], [-74.1169446, 40.7500425], [-74.1167942, 40.7501478], [-74.1166286, 40.7502663], [-74.1164552, 40.7503845], [-74.1162845, 40.7504972], [-74.1161331, 40.7505955], [-74.1159631, 40.7507029], [-74.1158323, 40.7507838], [-74.1157177, 40.7508517], [-74.1156037, 40.7509203], [-74.1154493, 40.7510097], [-74.1152919, 40.7511017], [-74.1151371, 40.7511886], [-74.1148183, 40.7513614], [-74.1144936, 40.7515336], [-74.114178, 40.7516971], [-74.1138569, 40.7518641], [-74.1135339, 40.7520297], [-74.1132108, 40.7521948], [-74.1128845, 40.7523585], [-74.1125603, 40.7525191], [-74.1122331, 40.7526811], [-74.1119207, 40.7528345], [-74.1116299, 40.752975], [-74.1114444, 40.7530655], [-74.1110008, 40.7532776], [-74.1106832, 40.7534254], [-74.1104087, 40.7535529], [-74.1099638, 40.7537561], [-74.1095922, 40.7539262], [-74.1095206, 40.7539583], [-74.1092022, 40.754101], [-74.1088378, 40.7542632], [-74.1085063, 40.7544081], [-74.1081397, 40.7545679], [-74.1078004, 40.7547147], [-74.107466, 40.754857], [-74.1071274, 40.7549985], [-74.1069527, 40.755072], [-74.1067897, 40.7551406], [-74.1066112, 40.755215], [-74.1064452, 40.7552832], [-74.1062724, 40.7553535], [-74.1061046, 40.755421], [-74.105927, 40.755492], [-74.1057574, 40.7555586], [-74.1056642, 40.7555947], [-74.1056183, 40.7556119], [-74.105479, 40.7556628], [-74.105329, 40.7557171], [-74.1051547, 40.7557781], [-74.1049839, 40.7558367], [-74.1048177, 40.7558924], [-74.1046332, 40.7559523], [-74.1044648, 40.7560048], [-74.1043037, 40.7560536], [-74.1041397, 40.7561017], [-74.1039683, 40.7561507], [-74.1037925, 40.7562], [-74.1036103, 40.7562485], [-74.103442, 40.7562922], [-74.1032609, 40.7563386], [-74.103086, 40.7563814], [-74.1029199, 40.7564207], [-74.1027468, 40.7564599], [-74.1025691, 40.7564983], [-74.1024018, 40.7565331], [-74.1022287, 40.7565678], [-74.1020549, 40.7566021], [-74.1018808, 40.7566342], [-74.1016981, 40.7566664], [-74.1015144, 40.7566971], [-74.1013401, 40.7567252], [-74.101167, 40.7567505], [-74.1009846, 40.7567768], [-74.1008093, 40.7568015], [-74.1006511, 40.756822], [-74.1004775, 40.756843], [-74.1002907, 40.7568646], [-74.1001111, 40.7568837], [-74.0999308, 40.7569017], [-74.0997391, 40.7569189], [-74.0995586, 40.7569343], [-74.0993883, 40.7569469], [-74.0992029, 40.7569593], [-74.0990272, 40.7569702], [-74.0988424, 40.7569795], [-74.0986667, 40.7569866], [-74.0984767, 40.7569937], [-74.0983039, 40.7569984], [-74.0981177, 40.7570021], [-74.0979319, 40.7570058], [-74.0977397, 40.7570083], [-74.0905319, 40.7571092], [-74.0903355, 40.757112], [-74.0901549, 40.757116], [-74.0899557, 40.7571226], [-74.0897856, 40.7571307], [-74.0895951, 40.7571411], [-74.0894336, 40.7571504], [-74.0892619, 40.7571631], [-74.0890803, 40.7571776], [-74.0889063, 40.7571923], [-74.0887254, 40.7572104], [-74.0885427, 40.7572305], [-74.0883602, 40.7572525], [-74.0881826, 40.757276], [-74.0880069, 40.7573011], [-74.0878192, 40.7573298], [-74.0876545, 40.7573559], [-74.0874848, 40.757384], [-74.0872927, 40.7574181], [-74.0871219, 40.75745], [-74.0869475, 40.7574846], [-74.0867706, 40.757521], [-74.0866004, 40.7575591], [-74.0864359, 40.7575962], [-74.0862581, 40.7576387], [-74.0860902, 40.757681], [-74.0859104, 40.7577279], [-74.0857805, 40.7577635], [-74.0855584, 40.757828], [-74.0853934, 40.7578761], [-74.0852246, 40.7579283], [-74.0850559, 40.757982], [-74.0848813, 40.7580392], [-74.0847176, 40.7580944], [-74.0845534, 40.7581524], [-74.0843897, 40.7582119], [-74.0842269, 40.7582725], [-74.0840663, 40.7583337], [-74.0839063, 40.7583981], [-74.083744, 40.7584638], [-74.0835901, 40.7585307], [-74.0834362, 40.7585976], [-74.0832758, 40.7586691], [-74.0831188, 40.7587419], [-74.0829681, 40.7588135], [-74.0825119, 40.7590303], [-74.0823498, 40.7591073], [-74.082198, 40.7591795], [-74.0820542, 40.7592478], [-74.0818896, 40.759326], [-74.0817413, 40.759397], [-74.0815909, 40.7594706], [-74.0814382, 40.7595439], [-74.0812879, 40.7596167], [-74.0802253, 40.7601248], [-74.0800619, 40.7602037], [-74.0799119, 40.7602757], [-74.0797622, 40.7603478], [-74.0796061, 40.7604228], [-74.0794553, 40.7604952], [-74.0793012, 40.7605676], [-74.078996, 40.7607104], [-74.0788423, 40.7607811], [-74.0786876, 40.7608528], [-74.0785355, 40.7609232], [-74.0783796, 40.7609946], [-74.0782275, 40.7610645], [-74.0780702, 40.7611351], [-74.0779149, 40.7612056], [-74.0777627, 40.7612745], [-74.0776025, 40.7613457], [-74.077179, 40.7615339], [-74.0759069, 40.7621038], [-74.0750974, 40.7624692], [-74.0746247, 40.7626819], [-74.0744791, 40.762747], [-74.0743187, 40.7628187], [-74.0733577, 40.7632484], [-74.0707009, 40.7644362], [-74.0705267, 40.7645156], [-74.0703831, 40.7645802], [-74.0702263, 40.7646516], [-74.0700697, 40.7647244], [-74.0699188, 40.7647942], [-74.0697563, 40.76487], [-74.0696083, 40.7649418], [-74.0694532, 40.7650156], [-74.0693048, 40.76509], [-74.0691602, 40.7651615], [-74.0690042, 40.7652408], [-74.0688593, 40.7653148], [-74.0687135, 40.7653934], [-74.0685593, 40.7654771], [-74.0684168, 40.7655566], [-74.0682668, 40.7656401], [-74.0681207, 40.7657241], [-74.0679778, 40.7658074], [-74.0678388, 40.7658903], [-74.0676939, 40.7659752], [-74.0675577, 40.7660591], [-74.0674119, 40.7661489], [-74.0672673, 40.7662392], [-74.0671272, 40.7663296], [-74.0669979, 40.7664148], [-74.0668603, 40.7665059], [-74.0667201, 40.7665995], [-74.0665855, 40.7666904], [-74.0664468, 40.7667868], [-74.066312, 40.7668809], [-74.0661829, 40.7669747], [-74.0660561, 40.7670674], [-74.0659244, 40.7671672], [-74.0657991, 40.7672616], [-74.0656697, 40.767362], [-74.065548, 40.7674572], [-74.0654197, 40.7675573], [-74.0652977, 40.7676555], [-74.0651728, 40.7677593], [-74.0650465, 40.7678651], [-74.0649255, 40.7679664], [-74.0648091, 40.7680676], [-74.0646881, 40.7681736], [-74.0645739, 40.7682769], [-74.0644608, 40.7683819], [-74.0643445, 40.7684875], [-74.0642331, 40.7685964], [-74.0641138, 40.7687095], [-74.0640043, 40.7688173], [-74.063895, 40.7689264], [-74.063787, 40.7690363], [-74.0636804, 40.7691469], [-74.0635738, 40.7692588], [-74.0634708, 40.7693709], [-74.0633643, 40.7694873], [-74.0632623, 40.7695994], [-74.0631587, 40.769715], [-74.0630584, 40.769829], [-74.06296, 40.7699426], [-74.0628594, 40.7700608], [-74.0627654, 40.7701741], [-74.0626691, 40.7702929], [-74.0625765, 40.7704096], [-74.0624844, 40.7705263], [-74.0623908, 40.7706493], [-74.0623015, 40.770768], [-74.0622135, 40.7708881], [-74.0621324, 40.7710035], [-74.062041, 40.7711384], [-74.0619531, 40.771269], [-74.0617949, 40.7715138], [-74.061283, 40.7723293], [-74.060351, 40.7738265], [-74.0601544, 40.7741402], [-74.0600351, 40.7743272], [-74.0598899, 40.7745592], [-74.0597353, 40.7748093], [-74.0596557, 40.7749393], [-74.0595794, 40.775064], [-74.0595069, 40.7751852], [-74.0594292, 40.7753158], [-74.0593569, 40.7754368], [-74.0592817, 40.7755638], [-74.0592086, 40.7756875], [-74.059135, 40.7758119], [-74.0590605, 40.7759409], [-74.0589878, 40.7760638], [-74.058915, 40.7761838], [-74.0588388, 40.7763095], [-74.0587606, 40.7764378], [-74.0586847, 40.7765596], [-74.0586068, 40.7766845], [-74.0585304, 40.7768067], [-74.0584561, 40.7769248], [-74.0583752, 40.7770548], [-74.058302, 40.7771707], [-74.0582213, 40.7773001], [-74.0581417, 40.7774271], [-74.0580676, 40.7775457], [-74.0579898, 40.7776701], [-74.0579119, 40.7777945], [-74.057719, 40.7781024], [-74.0576831, 40.7781597], [-74.0576013, 40.778291], [-74.0575231, 40.7784138], [-74.0574438, 40.7785371], [-74.0573648, 40.7786591], [-74.0572842, 40.7787829], [-74.0572058, 40.7789023], [-74.0571244, 40.7790261], [-74.0570438, 40.779146], [-74.0569613, 40.7792696], [-74.0568809, 40.7793874], [-74.056795, 40.7795113], [-74.0567101, 40.7796311], [-74.0566254, 40.7797479], [-74.0565389, 40.7798679], [-74.0564529, 40.7799873], [-74.0563668, 40.7801058], [-74.0562778, 40.7802287], [-74.0561912, 40.7803472], [-74.0561047, 40.7804648], [-74.0559942, 40.7806136], [-74.0559082, 40.7807269], [-74.0556653, 40.7810312], [-74.0554882, 40.7812502], [-74.0553402, 40.7814295], [-74.055148, 40.7816575], [-74.05496, 40.7818811], [-74.0547684, 40.7821036], [-74.0545669, 40.7823342], [-74.0543729, 40.78255], [-74.0541873, 40.7827513], [-74.0539531, 40.7830003], [-74.0537264, 40.7832353], [-74.053507, 40.7834585], [-74.0521172, 40.7849012], [-74.0515083, 40.7855333], [-74.0511829, 40.7858713], [-74.0498495, 40.7872587], [-74.0492179, 40.7879153], [-74.0479438, 40.789233], [-74.0468602, 40.7903547], [-74.0457932, 40.7914598], [-74.0451827, 40.7920974], [-74.0450729, 40.792212], [-74.0449686, 40.792321], [-74.0448598, 40.7924331], [-74.0447569, 40.7925378], [-74.0446468, 40.7926523], [-74.0445396, 40.7927648], [-74.0444324, 40.7928773], [-74.0443276, 40.7929858], [-74.0442225, 40.7930955], [-74.0441143, 40.7932085], [-74.0440109, 40.793315], [-74.0439036, 40.7934256], [-74.0437904, 40.7935431], [-74.0436851, 40.7936525], [-74.043585, 40.793758], [-74.0434748, 40.7938724], [-74.0433545, 40.7939991], [-74.0432432, 40.7941145], [-74.0431391, 40.7942224], [-74.0430324, 40.7943322], [-74.042927, 40.7944415], [-74.042822, 40.7945504], [-74.0408662, 40.7965795], [-74.040374, 40.7970903], [-74.038556, 40.7989749], [-74.03816, 40.7993847], [-74.0349393, 40.8027202], [-74.0343642, 40.8033375], [-74.0339694, 40.8037857], [-74.0338798, 40.8038897], [-74.0337119, 40.8040846], [-74.0333858, 40.8044809], [-74.0327506, 40.8052865], [-74.032476, 40.8056569], [-74.0322442, 40.8059817], [-74.0320125, 40.806313], [-74.0318151, 40.8066119], [-74.0315919, 40.8069562], [-74.0313773, 40.8073005], [-74.0311799, 40.8076318], [-74.0309653, 40.8080021], [-74.030725, 40.8084244], [-74.0305104, 40.8088272], [-74.030313, 40.809217], [-74.0301242, 40.8096133], [-74.0299479, 40.8100046], [-74.0297864, 40.8103791], [-74.0297082, 40.8105749], [-74.0295331, 40.8110177], [-74.0294363, 40.8112646], [-74.0293141, 40.8115805], [-74.0291928, 40.8119133], [-74.0290819, 40.812234], [-74.029004, 40.8124614], [-74.0288522, 40.8129984], [-74.0288039, 40.8131673], [-74.0287579, 40.8133371], [-74.0287136, 40.8135058], [-74.0286644, 40.8137049], [-74.0285708, 40.8141158], [-74.0284866, 40.814511], [-74.0283613, 40.815131], [-74.0282879, 40.8155075], [-74.028204, 40.8160112], [-74.0281613, 40.8162873], [-74.0278005, 40.8186189], [-74.0277587, 40.818888], [-74.0270259, 40.8235719], [-74.0270052, 40.8237091], [-74.0269844, 40.8238436], [-74.0269623, 40.8239846], [-74.0269422, 40.824118], [-74.0269207, 40.8242573], [-74.0268982, 40.8243908], [-74.0268753, 40.824525], [-74.0268502, 40.8246591], [-74.0268234, 40.8247921], [-74.0267945, 40.8249333], [-74.0267643, 40.825067], [-74.026735, 40.8251958], [-74.026701, 40.8253306], [-74.0266641, 40.8254631], [-74.0266248, 40.8255968], [-74.0265808, 40.8257313], [-74.0265358, 40.825868], [-74.02649, 40.825996], [-74.026441, 40.8261262], [-74.0263893, 40.8262542], [-74.0263363, 40.826382], [-74.0262782, 40.8265164], [-74.0262204, 40.8266458], [-74.0261607, 40.82677], [-74.0261202, 40.8268559], [-74.0260568, 40.826982], [-74.0259883, 40.8271098], [-74.0259205, 40.8272357], [-74.0258468, 40.8273621], [-74.025773, 40.8274855], [-74.0256983, 40.8276066], [-74.0256196, 40.8277278], [-74.0255387, 40.8278488], [-74.0254213, 40.8280156], [-74.0253369, 40.8281347], [-74.0252514, 40.8282515], [-74.0251389, 40.8283955], [-74.0231215, 40.830827], [-74.0224411, 40.8316545], [-74.0212323, 40.833157], [-74.0211393, 40.833276], [-74.0210274, 40.83342], [-74.0209299, 40.833546], [-74.0208423, 40.8336618], [-74.0207724, 40.8337564], [-74.0206837, 40.8338798], [-74.0206029, 40.8339965], [-74.0205071, 40.8341392], [-74.0204288, 40.8342592], [-74.020352, 40.8343825], [-74.0202762, 40.8345063], [-74.0202005, 40.8346345], [-74.0201316, 40.8347576], [-74.0200603, 40.8348923], [-74.0199918, 40.8350213], [-74.0199271, 40.8351493], [-74.0198631, 40.8352779], [-74.0197989, 40.8354142], [-74.0197712, 40.8354763], [-74.0197399, 40.8355464], [-74.0196851, 40.8356743], [-74.0196316, 40.8358044], [-74.0195759, 40.8359438], [-74.0194716, 40.8362098], [-74.0193712, 40.8364738], [-74.0193191, 40.8366099], [-74.0192697, 40.83674], [-74.019219, 40.8368727], [-74.019163, 40.8370224], [-74.0191195, 40.8371363], [-74.0190702, 40.8372631], [-74.0190163, 40.8374039], [-74.0189677, 40.8375308], [-74.0188932, 40.8377288], [-74.0188188, 40.8379169], [-74.0187392, 40.83811], [-74.0186438, 40.8383311], [-74.0184842, 40.8387099], [-74.0184381, 40.8388667], [-74.0183905, 40.8390292], [-74.0180842, 40.839745], [-74.0180377, 40.8398694], [-74.0179912, 40.8400009], [-74.0179519, 40.8401187], [-74.0179142, 40.8402397], [-74.0178746, 40.8403768], [-74.0178377, 40.8405134], [-74.0178041, 40.8406508], [-74.0177763, 40.8407673], [-74.0177458, 40.8408978], [-74.0177171, 40.8410312], [-74.0176894, 40.8411756], [-74.0176656, 40.841312], [-74.0176436, 40.8414439], [-74.0176241, 40.8415885], [-74.0176061, 40.8417283], [-74.0175908, 40.8418678], [-74.0175791, 40.8419931], [-74.0175676, 40.8421384], [-74.0175547, 40.8423471], [-74.0175504, 40.8424704], [-74.017544, 40.8426051], [-74.0175326, 40.8428672], [-74.0175086, 40.8436608], [-74.0174998, 40.8439389], [-74.0174846, 40.8442126], [-74.017464, 40.8444922], [-74.0174317, 40.8447692], [-74.0173957, 40.84504], [-74.0173533, 40.8453183], [-74.0173311, 40.8454515], [-74.0173074, 40.8455871], [-74.0172819, 40.8457249], [-74.0172538, 40.8458663], [-74.0172262, 40.8460002], [-74.0171938, 40.8461383], [-74.0171457, 40.8463288], [-74.0170914, 40.8465302], [-74.0170518, 40.8466766], [-74.0170149, 40.8468062], [-74.016975, 40.846943], [-74.0169348, 40.8470741], [-74.0168953, 40.8471969], [-74.0168066, 40.8474702], [-74.0167143, 40.8477383], [-74.0166263, 40.8479914], [-74.0165383, 40.8482387], [-74.0164427, 40.8485053], [-74.0163491, 40.8487555], [-74.0162518, 40.8490124], [-74.0161509, 40.8492701], [-74.0160508, 40.8495215], [-74.015944, 40.849782], [-74.0158413, 40.8500295], [-74.0157325, 40.850284], [-74.0156216, 40.8505363], [-74.0155093, 40.8507858], [-74.0153945, 40.8510359], [-74.015283, 40.8512772], [-74.0151595, 40.8515324], [-74.0150456, 40.8517689], [-74.014512, 40.8528532], [-74.0127112, 40.8565314], [-74.0125011, 40.8568589], [-74.0124078, 40.8570449], [-74.0123417, 40.8571712], [-74.012275, 40.8572968], [-74.0122044, 40.8574279], [-74.0121341, 40.8575584], [-74.0120669, 40.8576817], [-74.0120007, 40.8578082], [-74.0119341, 40.8579399], [-74.0118712, 40.8580692], [-74.0118129, 40.8581951], [-74.0117561, 40.8583275], [-74.011702, 40.8584583], [-74.0116518, 40.8585876], [-74.0116024, 40.8587259], [-74.0115536, 40.8588705], [-74.0115149, 40.8589909], [-74.0114764, 40.8591266], [-74.0114406, 40.8592608], [-74.0114067, 40.8593955], [-74.0113747, 40.8595286], [-74.0113423, 40.8596693], [-74.0113169, 40.8598062], [-74.0112949, 40.8599401], [-74.0112753, 40.8600793], [-74.0112603, 40.8602126], [-74.011248, 40.8603435], [-74.0112377, 40.8604868], [-74.0112307, 40.8606219], [-74.0112251, 40.8607596], [-74.0112218, 40.8608978], [-74.0112204, 40.8610358], [-74.01122, 40.8611051], [-74.0112195, 40.8613061], [-74.011222, 40.8614472], [-74.0112257, 40.8615849], [-74.0112288, 40.8617202], [-74.0112334, 40.861855], [-74.0112373, 40.8619936], [-74.0112405, 40.862135], [-74.0112414, 40.8622706], [-74.0112401, 40.8624026], [-74.0112338, 40.8625456], [-74.0112226, 40.8626723], [-74.0112053, 40.862807], [-74.0111816, 40.862938], [-74.0111523, 40.8630758], [-74.0111172, 40.8632155], [-74.0110782, 40.8633426], [-74.0110207, 40.8634905], [-74.010963, 40.8636131], [-74.0108943, 40.8637321], [-74.0108119, 40.8638554], [-74.0107217, 40.8639721], [-74.010639, 40.8640666], [-74.0105356, 40.8641684], [-74.0104618, 40.8642373], [-74.010384, 40.8643037], [-74.0102688, 40.8643943], [-74.0101875, 40.8644499], [-74.0101124, 40.8645009], [-74.0099704, 40.8645843], [-74.0098227, 40.8646607], [-74.0096679, 40.8647319], [-74.0095073, 40.864796], [-74.0093391, 40.8648542], [-74.0091655, 40.8649053], [-74.0089954, 40.8649529], [-74.0088252, 40.8649981], [-74.0086425, 40.8650469], [-74.008479, 40.8650905], [-74.0083088, 40.8651366], [-74.0081369, 40.865183], [-74.0079469, 40.8652345], [-74.00778, 40.8652818], [-74.0076963, 40.8653076], [-74.007624, 40.8653299], [-74.0074788, 40.8653798], [-74.0073337, 40.8654339], [-74.0071959, 40.8654892], [-74.0070304, 40.8655616], [-74.0068778, 40.865632], [-74.0067935, 40.8656712], [-74.0066531, 40.8657428], [-74.0065358, 40.8658063], [-74.0063656, 40.8659004], [-74.0062402, 40.8659708], [-74.0061068, 40.8660521], [-74.0060218, 40.8661069], [-74.0059444, 40.8661592], [-74.0058788, 40.8662064], [-74.0057488, 40.8662995], [-74.0056187, 40.8663922], [-74.0055912, 40.8664125], [-74.0054922, 40.8664855], [-74.0053628, 40.8665844], [-74.0052347, 40.8666838], [-74.0051299, 40.8667673], [-74.0050731, 40.8668136], [-74.0049721, 40.8668973], [-74.0049325, 40.8669309], [-74.0047919, 40.8670487], [-74.0031777, 40.8684135], [-74.0031292, 40.8684554], [-74.0030062, 40.8685617], [-74.0028861, 40.8686655], [-74.0025248, 40.8689747], [-74.0024068, 40.8690756], [-74.0022874, 40.8691785], [-74.0021699, 40.8692789], [-74.0020461, 40.869385], [-74.001921, 40.8694922], [-74.0018038, 40.8695926], [-74.0016841, 40.8696952], [-74.0014464, 40.8698994], [-74.0013283, 40.8699996], [-74.0012073, 40.8701023], [-74.0010898, 40.8702028], [-74.0009653, 40.870309], [-74.0008484, 40.8704079], [-74.0007223, 40.8705132], [-74.0005993, 40.8706158], [-74.0004734, 40.8707196], [-74.0003509, 40.8708186], [-74.0002237, 40.8709183], [-74.0000996, 40.8710153], [-73.9999696, 40.8711151], [-73.9998442, 40.8712101], [-73.9997137, 40.8713058], [-73.9995844, 40.8713994], [-73.9994469, 40.8714985], [-73.9993199, 40.8715884], [-73.9991857, 40.871681], [-73.9990486, 40.8717741], [-73.9989102, 40.8718672], [-73.998776, 40.8719548], [-73.9986349, 40.872044], [-73.9984967, 40.8721322], [-73.9983606, 40.8722168], [-73.9982175, 40.8723054], [-73.9980788, 40.872389], [-73.997935, 40.8724754], [-73.9977923, 40.8725588], [-73.9976442, 40.8726429], [-73.997494, 40.8727261], [-73.997351, 40.8728052], [-73.9972054, 40.8728844], [-73.9970546, 40.8729663], [-73.9969047, 40.8730439], [-73.9967594, 40.8731181], [-73.9966062, 40.8731952], [-73.9964537, 40.8732706], [-73.9963007, 40.8733456], [-73.9961452, 40.8734193], [-73.9959872, 40.8734937], [-73.995838, 40.8735637], [-73.9956826, 40.8736338], [-73.9955239, 40.8737037], [-73.9953711, 40.8737716], [-73.9952179, 40.8738363], [-73.9950528, 40.8739058], [-73.994896, 40.8739706], [-73.994734, 40.8740365], [-73.9945721, 40.8741032], [-73.9944204, 40.8741639], [-73.9941448, 40.8742732], [-73.9940439, 40.8743126], [-73.9938729, 40.8743763], [-73.9937068, 40.874438], [-73.9935458, 40.8744962], [-73.9933865, 40.874553], [-73.9932213, 40.8746103], [-73.9930589, 40.8746663], [-73.992896, 40.8747226], [-73.9927277, 40.8747788], [-73.9925607, 40.8748329], [-73.9923933, 40.8748857], [-73.9922219, 40.8749385], [-73.9920512, 40.8749895], [-73.9918826, 40.8750379], [-73.991713, 40.8750854], [-73.991542, 40.8751302], [-73.9913694, 40.8751733], [-73.9911948, 40.875215], [-73.9910228, 40.8752547], [-73.9908463, 40.8752932], [-73.9906714, 40.8753296], [-73.9904982, 40.8753643], [-73.9903249, 40.8753968], [-73.9901483, 40.8754283], [-73.989934, 40.8754631], [-73.9896667, 40.875505], [-73.9894477, 40.8755352], [-73.9892284, 40.8755604], [-73.9889992, 40.8755826], [-73.9887736, 40.8755989], [-73.9885179, 40.8756084], [-73.9882899, 40.8756127], [-73.9880672, 40.8756081], [-73.9878248, 40.8755989], [-73.9875695, 40.8755824], [-73.9873024, 40.875557], [-73.9870122, 40.875521], [-73.9867957, 40.8754837], [-73.9865657, 40.8754415], [-73.9863916, 40.8754022], [-73.9862518, 40.8753686], [-73.9860819, 40.8753234], [-73.9859083, 40.8752719], [-73.9857489, 40.8752209], [-73.985575, 40.8751607], [-73.9854103, 40.8750999], [-73.9852529, 40.8750392], [-73.9850928, 40.8749737], [-73.9849311, 40.8749042], [-73.9847621, 40.8748289], [-73.9846229, 40.8747655], [-73.9844727, 40.874692], [-73.9843156, 40.8746128], [-73.9841643, 40.874531], [-73.9840207, 40.874449], [-73.9838761, 40.8743658], [-73.9837314, 40.8742818], [-73.9835976, 40.874201], [-73.9834501, 40.8741111], [-73.9833061, 40.8740228], [-73.9831682, 40.8739376], [-73.9830306, 40.8738519], [-73.9828888, 40.8737601], [-73.9827486, 40.8736694], [-73.9826147, 40.8735817], [-73.9824814, 40.8734933], [-73.9823401, 40.8733994], [-73.982206, 40.8733092], [-73.9820685, 40.8732156], [-73.9819368, 40.873123], [-73.9818055, 40.8730293], [-73.9816725, 40.8729335], [-73.9815374, 40.8728355], [-73.9814155, 40.872747], [-73.9812843, 40.8726489], [-73.9811578, 40.8725533], [-73.9810247, 40.8724518], [-73.9809009, 40.8723564], [-73.9807731, 40.8722549], [-73.9806477, 40.8721554], [-73.980546, 40.872074], [-73.9804364, 40.8719844], [-73.9803058, 40.8718762], [-73.9801878, 40.8717777], [-73.9800708, 40.8716776], [-73.9799561, 40.8715778], [-73.9798296, 40.8714671], [-73.9797135, 40.8713635], [-73.9795947, 40.8712572], [-73.9794798, 40.8711507], [-73.9793661, 40.8710445], [-73.9792508, 40.8709381], [-73.9791365, 40.87083], [-73.9790303, 40.8707268], [-73.9789194, 40.8706178], [-73.9788015, 40.8705024], [-73.9786977, 40.8703996], [-73.9785863, 40.8702838], [-73.9784824, 40.8701785], [-73.9783715, 40.8700645], [-73.9782664, 40.8699529], [-73.9781631, 40.8698446], [-73.9780563, 40.8697312], [-73.9779566, 40.8696209], [-73.977852, 40.8695079], [-73.9777517, 40.8693979], [-73.9776454, 40.8692793], [-73.9775458, 40.8691664], [-73.9774434, 40.86905], [-73.9773428, 40.8689313], [-73.9772475, 40.8688197], [-73.97715, 40.8687038], [-73.9770551, 40.8685864], [-73.9769604, 40.8684673], [-73.976867, 40.8683485], [-73.9767803, 40.868235], [-73.9767116, 40.8681426], [-73.9765969, 40.8679891], [-73.9765098, 40.8678695], [-73.976425, 40.8677483], [-73.9763582, 40.8676479], [-73.9762825, 40.8675301], [-73.9762159, 40.8674249], [-73.9761433, 40.8673112], [-73.9760884, 40.8672245], [-73.976017, 40.8671114], [-73.9759521, 40.8670063], [-73.975883, 40.8668916], [-73.9758053, 40.8667604], [-73.9757291, 40.8666324], [-73.9756572, 40.866508], [-73.975588, 40.8663859], [-73.975521, 40.8662623], [-73.9754515, 40.8661296], [-73.9753865, 40.8660012], [-73.975325, 40.8658753], [-73.9752627, 40.8657421], [-73.9752062, 40.8656164], [-73.9751503, 40.8654881], [-73.9750954, 40.8653569], [-73.9750422, 40.865222], [-73.9749928, 40.8650906], [-73.9749422, 40.8649515], [-73.9748959, 40.8648209], [-73.9748516, 40.8646866], [-73.974814, 40.8645584], [-73.974781, 40.864429], [-73.9747592, 40.8643362], [-73.9747386, 40.8642383], [-73.9747289, 40.8641877], [-73.9747133, 40.8641055], [-73.9747045, 40.8640586], [-73.9746889, 40.8639633], [-73.974679, 40.8638715], [-73.9746651, 40.8637313], [-73.9746616, 40.8635998], [-73.9746628, 40.8635233], [-73.9746655, 40.8634545], [-73.9746707, 40.8633832], [-73.9746766, 40.8633172], [-73.9746855, 40.8632433], [-73.9746947, 40.8631845], [-73.9747097, 40.8631088], [-73.9747261, 40.8630425], [-73.9747464, 40.8629723], [-73.9747714, 40.8628924], [-73.9748037, 40.8627997], [-73.9748535, 40.8626647], [-73.9752244, 40.8616797], [-73.9752958, 40.8614841], [-73.9753437, 40.8613491], [-73.9754258, 40.8611179], [-73.975474, 40.8609804], [-73.9755182, 40.8608518], [-73.9755621, 40.8607249], [-73.975605, 40.8605979], [-73.9756506, 40.8604568], [-73.9756916, 40.8603315], [-73.9758134, 40.8599612], [-73.9759277, 40.8595921], [-73.9759714, 40.8594341], [-73.9759903, 40.8593587], [-73.976003, 40.8593009], [-73.9760147, 40.8592436], [-73.9760231, 40.8591908], [-73.9760304, 40.8591338], [-73.9760358, 40.8590783], [-73.9760387, 40.8590273], [-73.9760401, 40.8589802], [-73.9760404, 40.8589348], [-73.9760398, 40.8588821], [-73.9760374, 40.8588145], [-73.9760341, 40.8587642], [-73.9760283, 40.8587092], [-73.9760205, 40.8586581], [-73.9760089, 40.858604], [-73.9759976, 40.8585592], [-73.9759812, 40.8585066], [-73.9759619, 40.8584547], [-73.9759402, 40.8584023], [-73.9759166, 40.8583534], [-73.9758884, 40.8583017], [-73.9758619, 40.8582556], [-73.9758315, 40.8582055], [-73.9758136, 40.8581769], [-73.9757781, 40.8581234], [-73.9757563, 40.8580923], [-73.975725, 40.8580506], [-73.9756913, 40.8580075], [-73.9756599, 40.857969], [-73.9756171, 40.8579194], [-73.9755791, 40.8578784], [-73.9755349, 40.8578327], [-73.9754943, 40.857793], [-73.9754462, 40.8577468], [-73.9754031, 40.8577074], [-73.9753551, 40.8576649], [-73.975309, 40.8576259], [-73.9752567, 40.8575846], [-73.9752083, 40.8575492], [-73.9751563, 40.8575129], [-73.9751042, 40.8574787], [-73.9750457, 40.8574431], [-73.9749899, 40.857413], [-73.9749284, 40.8573822], [-73.9748718, 40.8573555], [-73.9748071, 40.8573272], [-73.9747448, 40.8573036], [-73.9746804, 40.8572804], [-73.9746161, 40.8572599], [-73.9745489, 40.8572415], [-73.9744784, 40.8572243], [-73.9743837, 40.8572026], [-73.9742889, 40.857181], [-73.9742188, 40.8571632], [-73.9741545, 40.8571448], [-73.9740879, 40.8571254], [-73.9740188, 40.8571043], [-73.9739509, 40.8570815], [-73.9738843, 40.8570575], [-73.973821, 40.8570333], [-73.973754, 40.8570073], [-73.9736954, 40.856982], [-73.9736339, 40.8569539], [-73.9735763, 40.8569251], [-73.9735205, 40.8568954], [-73.9734075, 40.8568324], [-73.9729743, 40.8565533]]}}, {"type": "Feature", "properties": {"role": "spur", "name": "New Jersey Turnpike (Western Spur)", "ref": "NJTP", "source": "OSM relation/8555809", "length_m": 17965.2, "dists": [0.0, 46.7, 62.6, 76.8, 92.0, 107.4, 122.0, 137.3, 150.8, 166.8, 182.3, 196.9, 212.5, 226.9, 242.0, 256.9, 272.3, 286.5, 300.9, 314.3, 332.0, 349.7, 365.0, 379.8, 394.5, 409.2, 423.3, 437.0, 451.1, 465.2, 478.9, 492.2, 505.2, 517.0, 534.2, 550.1, 562.8, 578.4, 593.0, 606.7, 621.7, 635.8, 648.8, 662.8, 677.6, 690.4, 728.5, 744.1, 759.8, 774.5, 791.1, 807.0, 823.6, 839.0, 853.9, 869.8, 885.6, 900.9, 917.5, 931.4, 945.5, 961.7, 1021.8, 1039.1, 1052.8, 1081.0, 1097.5, 1113.6, 1128.7, 1143.2, 1157.2, 1172.3, 1187.1, 1201.9, 1217.5, 1231.6, 1247.0, 1262.5, 1278.5, 1292.3, 1306.7, 1336.5, 1366.2, 1396.4, 1426.5, 1458.8, 1488.7, 1513.3, 1518.2, 1546.1, 1573.4, 1600.1, 1623.9, 1646.6, 1669.6, 1705.8, 1742.8, 1763.9, 1785.7, 1805.7, 1834.6, 1864.1, 1923.0, 1981.5, 2040.4, 2156.4, 2185.3, 2215.0, 2273.6, 2299.4, 2321.4, 2342.7, 2363.5, 2384.4, 2404.1, 2424.9, 2449.7, 2480.5, 2511.4, 2542.1, 2572.9, 2603.4, 2621.6, 2633.9, 2652.8, 2670.9, 2685.4, 2699.1, 2714.3, 2727.1, 2743.1, 2758.5, 2771.9, 2786.4, 2803.2, 2819.2, 2834.4, 2850.3, 2868.0, 2882.7, 2897.8, 2914.0, 2930.8, 2946.0, 2960.3, 2976.5, 3256.3, 3271.9, 3289.1, 3305.9, 3321.6, 3337.4, 3353.5, 3368.6, 3384.8, 3401.1, 3416.7, 3431.9, 3445.7, 3460.7, 3477.2, 3491.6, 3509.3, 3841.2, 3872.1, 3903.1, 3928.9, 3960.9, 3993.4, 4024.7, 4053.3, 4569.3, 4618.0, 4712.8, 4724.9, 4938.0, 5158.6, 5207.1, 5213.1, 5227.1, 5243.2, 5258.6, 5273.8, 5289.7, 5304.8, 5320.8, 5335.7, 5351.5, 5366.5, 5381.7, 5396.2, 5411.5, 5425.9, 5440.7, 5457.4, 5471.7, 5487.8, 5502.7, 5518.3, 5534.3, 5549.6, 5564.2, 5580.8, 5595.2, 5611.5, 5626.6, 5641.7, 5657.4, 5672.7, 5688.5, 5703.8, 5716.3, 5741.9, 5769.2, 5794.6, 5817.6, 5848.1, 5878.7, 5909.0, 5940.1, 5971.3, 5975.3, 6001.1, 6029.0, 6074.6, 6928.2, 7685.1, 7782.4, 7815.8, 8564.5, 8595.2, 8625.6, 8655.5, 8685.3, 8717.9, 8752.4, 8781.5, 8810.1, 8834.8, 8865.2, 8897.3, 8930.7, 8961.2, 8992.3, 9064.8, 9439.1, 9477.1, 9518.4, 9807.3, 9837.6, 9868.9, 9899.0, 9929.6, 9960.6, 9990.3, 10021.4, 10052.8, 10083.6, 10122.5, 10218.1, 10290.4, 10797.7, 10956.8, 10973.2, 11232.0, 11511.5, 11614.8, 11643.7, 11665.9, 11727.7, 11865.3, 11929.4, 12076.8, 12263.8, 12293.7, 12325.9, 12356.5, 12387.3, 12419.0, 12449.1, 12479.2, 12510.0, 12541.6, 12571.9, 12601.4, 12636.6, 12667.6, 12701.1, 12733.1, 12763.3, 12781.9, 12802.4, 12835.6, 12855.8, 12918.0, 13008.4, 13030.5, 13050.8, 13068.4, 13084.1, 13097.5, 13108.9, 13121.5, 13166.1, 13178.2, 13218.8, 13241.5, 13275.3, 13314.1, 13359.4, 13389.0, 13418.6, 13449.4, 13480.2, 13506.0, 13530.7, 13550.7, 13570.6, 13596.7, 13608.1, 13623.3, 13637.8, 13651.0, 13662.8, 13677.7, 13698.1, 13716.9, 13732.4, 13754.5, 13780.3, 14393.1, 14803.7, 14874.8, 14893.6, 14910.2, 14927.4, 14943.9, 14961.3, 14978.6, 14995.3, 15011.9, 15028.5, 15043.5, 15059.6, 15075.4, 15085.4, 15093.2, 15102.2, 15117.7, 15150.8, 15166.1, 15185.0, 15200.4, 15216.0, 15231.0, 15245.5, 15260.4, 15275.2, 15290.0, 15304.4, 15319.0, 15333.0, 15349.8, 15364.6, 15379.0, 15396.7, 16215.9, 16334.0, 16448.7, 16677.7, 17041.0, 17156.9, 17171.5, 17186.7, 17201.7, 17217.3, 17232.1, 17247.2, 17264.8, 17280.1, 17295.5, 17310.3, 17325.7, 17341.2, 17358.2, 17373.1, 17388.2, 17403.6, 17418.8, 17434.5, 17449.5, 17464.8, 17479.9, 17494.7, 17510.3, 17526.1, 17541.1, 17556.1, 17571.6, 17586.9, 17601.8, 17618.2, 17633.1, 17648.2, 17655.1, 17665.4, 17681.0, 17697.1, 17741.2, 17757.4, 17788.0, 17805.3, 17819.3, 17928.9, 17946.7, 17965.2], "attach_start_m": 170151.6, "attach_end_m": 188723.5, "attach_snap_m": [0.0, 0.0]}, "geometry": {"type": "LineString", "coordinates": [[-74.1406715, 40.7135809], [-74.1401782, 40.7137713], [-74.1400176, 40.7138478], [-74.1398775, 40.7139173], [-74.1397278, 40.7139946], [-74.1395784, 40.7140734], [-74.1394376, 40.71415], [-74.1392899, 40.7142312], [-74.139161, 40.7143026], [-74.13901, 40.7143897], [-74.1388652, 40.7144761], [-74.1387309, 40.7145579], [-74.1385861, 40.7146458], [-74.1384543, 40.7147285], [-74.1383166, 40.7148153], [-74.1381835, 40.7149029], [-74.138046, 40.7149948], [-74.1379204, 40.7150798], [-74.1377914, 40.7151646], [-74.1376733, 40.7152456], [-74.1375185, 40.7153533], [-74.1373658, 40.7154623], [-74.137235, 40.7155576], [-74.1371088, 40.7156507], [-74.1369853, 40.7157438], [-74.1368628, 40.7158382], [-74.1367483, 40.7159299], [-74.1366377, 40.7160202], [-74.1365241, 40.7161136], [-74.136414, 40.7162087], [-74.1363072, 40.7163017], [-74.1362046, 40.7163933], [-74.1361045, 40.7164818], [-74.1360159, 40.7165641], [-74.1358914, 40.7166867], [-74.1357781, 40.7168006], [-74.1356902, 40.7168934], [-74.1355872, 40.7170097], [-74.1354922, 40.7171202], [-74.1354077, 40.7172252], [-74.1353193, 40.7173422], [-74.1352401, 40.7174544], [-74.1351714, 40.717559], [-74.1351012, 40.7176726], [-74.1350322, 40.7177947], [-74.1349751, 40.7179016], [-74.1347811, 40.7182117], [-74.1347285, 40.7183461], [-74.134683, 40.718483], [-74.1346501, 40.7186123], [-74.134618, 40.7187602], [-74.1345926, 40.7189018], [-74.1345701, 40.7190502], [-74.1345555, 40.7191879], [-74.1345446, 40.7193213], [-74.1345395, 40.7194644], [-74.1345386, 40.7196065], [-74.1345418, 40.7197444], [-74.1345441, 40.7198936], [-74.1345482, 40.7200183], [-74.1345542, 40.7201449], [-74.1345611, 40.7202912], [-74.1345894, 40.7208311], [-74.1345948, 40.7209868], [-74.1345975, 40.7211095], [-74.1345973, 40.7213632], [-74.134594, 40.7215117], [-74.1345839, 40.721656], [-74.1345691, 40.7217917], [-74.1345506, 40.7219211], [-74.1345272, 40.7220459], [-74.1344998, 40.7221798], [-74.1344674, 40.7223104], [-74.1344321, 40.7224408], [-74.1343878, 40.7225771], [-74.1343432, 40.7226998], [-74.1342897, 40.7228321], [-74.1342299, 40.7229635], [-74.1341659, 40.7230996], [-74.1341074, 40.7232152], [-74.1340409, 40.7233342], [-74.1338957, 40.7235786], [-74.1337418, 40.723819], [-74.1335793, 40.7240608], [-74.1334055, 40.724298], [-74.1332177, 40.7245512], [-74.1330411, 40.7247846], [-74.1328893, 40.7249731], [-74.132859, 40.7250107], [-74.1326817, 40.7252231], [-74.1325059, 40.7254291], [-74.1323302, 40.7256286], [-74.1321689, 40.7258044], [-74.1320133, 40.7259709], [-74.1318517, 40.7261375], [-74.131589, 40.7263955], [-74.1313133, 40.7266539], [-74.1311536, 40.7268006], [-74.1309867, 40.7269501], [-74.1308311, 40.7270863], [-74.1306073, 40.7272834], [-74.1303753, 40.7274822], [-74.1299109, 40.727878], [-74.1294519, 40.7282727], [-74.1289912, 40.7286709], [-74.128093, 40.7294609], [-74.127868, 40.7296578], [-74.1276428, 40.7298625], [-74.1271981, 40.7302684], [-74.1270023, 40.7304468], [-74.1268352, 40.7305986], [-74.1266748, 40.730746], [-74.1265209, 40.7308928], [-74.1263696, 40.7310419], [-74.1262291, 40.7311836], [-74.1260867, 40.731336], [-74.1259199, 40.7315203], [-74.1257192, 40.7317514], [-74.1255277, 40.7319881], [-74.1253487, 40.7322288], [-74.1251782, 40.7324736], [-74.1250189, 40.7327205], [-74.1249324, 40.7328699], [-74.1248751, 40.7329722], [-74.1247911, 40.7331291], [-74.1247133, 40.733281], [-74.1246553, 40.7334044], [-74.1246034, 40.733521], [-74.1245471, 40.7336505], [-74.1245022, 40.7337603], [-74.1244465, 40.7338978], [-74.1243971, 40.7340317], [-74.1243553, 40.7341477], [-74.1243137, 40.7342741], [-74.1242682, 40.7344215], [-74.1242273, 40.7345622], [-74.1241951, 40.7346962], [-74.1241602, 40.7348368], [-74.1241297, 40.7349946], [-74.1241046, 40.7351249], [-74.124082, 40.7352599], [-74.1240604, 40.7354051], [-74.1240429, 40.7355554], [-74.1240282, 40.7356912], [-74.124016, 40.7358197], [-74.1240018, 40.7359654], [-74.1237925, 40.7384759], [-74.1237806, 40.7386164], [-74.1237656, 40.7387708], [-74.123748, 40.7389209], [-74.1237299, 40.7390618], [-74.1237114, 40.7392028], [-74.1236856, 40.7393464], [-74.123661, 40.7394811], [-74.1236304, 40.7396252], [-74.1235997, 40.7397698], [-74.1235688, 40.7399079], [-74.123535, 40.7400424], [-74.1235012, 40.7401639], [-74.1234618, 40.7402955], [-74.1234182, 40.7404399], [-74.1233775, 40.7405658], [-74.1233264, 40.7407202], [-74.1223529, 40.7436123], [-74.1222616, 40.7438816], [-74.1221687, 40.7441514], [-74.1220899, 40.7443753], [-74.12199, 40.7446532], [-74.1218834, 40.7449337], [-74.121777, 40.7452038], [-74.121679, 40.7454503], [-74.1199063, 40.7498917], [-74.119739, 40.7503109], [-74.1194117, 40.7511266], [-74.1193698, 40.751231], [-74.1186338, 40.7530641], [-74.1178771, 40.7549633], [-74.1177086, 40.755381], [-74.117688, 40.7554325], [-74.1176398, 40.7555528], [-74.1175843, 40.7556914], [-74.1175307, 40.7558242], [-74.1174771, 40.7559545], [-74.1174186, 40.7560908], [-74.1173621, 40.7562192], [-74.117302, 40.7563553], [-74.1172455, 40.7564823], [-74.1171828, 40.7566165], [-74.1171233, 40.7567437], [-74.1170623, 40.7568724], [-74.1170008, 40.7569946], [-74.1169352, 40.7571223], [-74.1168731, 40.757243], [-74.1168082, 40.7573671], [-74.1167349, 40.7575061], [-74.1166707, 40.757625], [-74.1165989, 40.7577594], [-74.1165317, 40.7578832], [-74.1164605, 40.7580131], [-74.1163862, 40.7581453], [-74.1163142, 40.7582721], [-74.1162435, 40.7583913], [-74.1161636, 40.7585285], [-74.1160928, 40.7586457], [-74.1160122, 40.7587796], [-74.1159353, 40.7589023], [-74.1158581, 40.759025], [-74.1157768, 40.7591518], [-74.1156966, 40.759275], [-74.1156123, 40.7594025], [-74.1155303, 40.7595245], [-74.1154629, 40.7596247], [-74.1153201, 40.7598285], [-74.1151655, 40.7600441], [-74.1150204, 40.7602438], [-74.1148864, 40.7604243], [-74.1147034, 40.7606613], [-74.1145166, 40.7608972], [-74.1143282, 40.7611293], [-74.1141308, 40.7613657], [-74.1139307, 40.7616024], [-74.113905, 40.7616323], [-74.1137382, 40.7618268], [-74.1135567, 40.7620361], [-74.1132548, 40.762377], [-74.1076589, 40.7687771], [-74.1026943, 40.7744524], [-74.1020563, 40.7751817], [-74.1018391, 40.7754329], [-74.096931, 40.7810473], [-74.09673, 40.7812773], [-74.096526, 40.7815031], [-74.0963261, 40.7817254], [-74.096124, 40.781946], [-74.0959001, 40.7821851], [-74.0956627, 40.7824381], [-74.0954602, 40.7826495], [-74.0952575, 40.7828567], [-74.0950818, 40.7830339], [-74.0948628, 40.7832518], [-74.0946305, 40.7834805], [-74.094386, 40.7837168], [-74.0941618, 40.7839327], [-74.0939283, 40.7841487], [-74.0933899, 40.7846574], [-74.0906104, 40.7872853], [-74.0903283, 40.787552], [-74.0900222, 40.7878423], [-74.0878734, 40.7898675], [-74.0876469, 40.7900797], [-74.0874114, 40.7902968], [-74.0871839, 40.7905063], [-74.0869519, 40.7907177], [-74.0867156, 40.7909314], [-74.0864869, 40.791135], [-74.0862456, 40.7913472], [-74.0859973, 40.7915575], [-74.0857557, 40.7917656], [-74.0854461, 40.7920252], [-74.0846762, 40.7926575], [-74.0840853, 40.7931294], [-74.0799529, 40.7964497], [-74.0786574, 40.7974922], [-74.0785244, 40.7975992], [-74.0764172, 40.7992948], [-74.0741393, 40.8011231], [-74.0732954, 40.8017981], [-74.0730586, 40.8019861], [-74.0728763, 40.8021308], [-74.0723726, 40.8025343], [-74.0712519, 40.803436], [-74.0707276, 40.8038532], [-74.069528, 40.8048194], [-74.0679999, 40.8060405], [-74.0677564, 40.8062363], [-74.0674927, 40.806446], [-74.0672406, 40.8066438], [-74.0669869, 40.8068437], [-74.0667228, 40.8070474], [-74.0664688, 40.8072372], [-74.0662148, 40.8074274], [-74.0659524, 40.8076207], [-74.0656806, 40.8078171], [-74.0654204, 40.8080051], [-74.0651624, 40.8081856], [-74.0648498, 40.808396], [-74.064572, 40.8085785], [-74.0642729, 40.8087768], [-74.0639824, 40.8089631], [-74.0637061, 40.8091364], [-74.0635342, 40.8092416], [-74.0633436, 40.8093567], [-74.0630323, 40.8095389], [-74.0628397, 40.8096477], [-74.0622419, 40.8099775], [-74.0613541, 40.8104342], [-74.0611375, 40.8105472], [-74.0609395, 40.8106517], [-74.0607677, 40.8107416], [-74.0606142, 40.810822], [-74.060485, 40.8108917], [-74.060376, 40.8109522], [-74.0602565, 40.8110206], [-74.0598332, 40.8112626], [-74.0597185, 40.8113282], [-74.0593362, 40.8115512], [-74.0591223, 40.8116757], [-74.0588083, 40.8118649], [-74.0584491, 40.8120837], [-74.0580302, 40.8123386], [-74.0577543, 40.8125045], [-74.0574818, 40.8126723], [-74.0571961, 40.8128457], [-74.0569082, 40.8130169], [-74.0566613, 40.8131547], [-74.0564208, 40.813282], [-74.0562221, 40.8133799], [-74.0560223, 40.8134759], [-74.055758, 40.8135986], [-74.0556418, 40.8136508], [-74.0554858, 40.8137195], [-74.055335, 40.813784], [-74.0551973, 40.8138407], [-74.0550736, 40.8138892], [-74.0549163, 40.8139519], [-74.0547001, 40.814034], [-74.0544983, 40.814108], [-74.0543309, 40.8141661], [-74.0540925, 40.814248], [-74.0538126, 40.8143435], [-74.0471536, 40.8165735], [-74.0426908, 40.8180659], [-74.0419186, 40.8183256], [-74.0417149, 40.8183941], [-74.0415363, 40.8184587], [-74.0413517, 40.8185251], [-74.0411769, 40.8185921], [-74.0409943, 40.8186646], [-74.040813, 40.8187389], [-74.0406392, 40.8188122], [-74.040468, 40.8188862], [-74.0402989, 40.8189618], [-74.040145, 40.8190307], [-74.0399828, 40.8191072], [-74.0398245, 40.8191834], [-74.0397245, 40.8192317], [-74.0396466, 40.8192701], [-74.0395576, 40.8193152], [-74.0394043, 40.8193932], [-74.0390809, 40.8195622], [-74.0389341, 40.8196424], [-74.0387522, 40.8197425], [-74.0386052, 40.8198255], [-74.0384606, 40.8199126], [-74.0383208, 40.8199963], [-74.0381864, 40.820079], [-74.0380513, 40.8201653], [-74.0379188, 40.820252], [-74.0377864, 40.8203406], [-74.0376598, 40.8204268], [-74.0375335, 40.820517], [-74.0374125, 40.8206032], [-74.0372684, 40.8207087], [-74.0371443, 40.8208027], [-74.0370244, 40.8208949], [-74.0368805, 40.821011], [-74.0302301, 40.8263911], [-74.0292703, 40.8271663], [-74.0283402, 40.8279208], [-74.0264821, 40.8294262], [-74.0235309, 40.8318108], [-74.0225898, 40.8325723], [-74.0224724, 40.8326682], [-74.0223503, 40.8327689], [-74.0222327, 40.8328701], [-74.0221104, 40.8329764], [-74.0219965, 40.8330778], [-74.0218831, 40.8331832], [-74.0217516, 40.8333063], [-74.0216418, 40.8334155], [-74.0215334, 40.8335274], [-74.0214309, 40.8336349], [-74.0213247, 40.8337485], [-74.0212214, 40.8338637], [-74.0211101, 40.8339914], [-74.0210154, 40.8341047], [-74.0209215, 40.8342205], [-74.0208271, 40.8343389], [-74.0207358, 40.8344571], [-74.0206435, 40.8345798], [-74.0205551, 40.834697], [-74.0204702, 40.8348186], [-74.0203899, 40.8349398], [-74.0203142, 40.8350595], [-74.0202364, 40.8351873], [-74.0201592, 40.8353165], [-74.0200858, 40.8354395], [-74.0200163, 40.8355641], [-74.0199447, 40.8356923], [-74.0198769, 40.8358202], [-74.0198149, 40.8359455], [-74.0197484, 40.8360838], [-74.0196885, 40.8362103], [-74.0196293, 40.836339], [-74.0196035, 40.8363974], [-74.0195644, 40.8364856], [-74.0195053, 40.8366179], [-74.0194448, 40.8367559], [-74.0192781, 40.837132], [-74.0192144, 40.8372695], [-74.019099, 40.8375301], [-74.019035, 40.8376775], [-74.0189818, 40.8377968], [-74.0185663, 40.838731], [-74.0184798, 40.8388778], [-74.0183905, 40.8390292]]}}]}