{"type": "FeatureCollection", "features": [{"type": "Feature", "properties": {"role": "mainline", "name": "Garden State Parkway", "ref": "GSP", "network": "GSP", "source": "OSM relation/184099", "length_m": 277515.5, "dists": [0.0, 11.4, 21.3, 30.1, 39.5, 47.3, 55.8, 61.7, 69.4, 77.7, 87.1, 99.5, 107.1, 118.5, 150.0, 185.0, 242.7, 284.0, 318.0, 351.8, 418.2, 564.4, 719.7, 844.9, 1149.4, 1226.1, 1305.3, 1381.3, 1460.6, 1545.1, 1621.3, 1699.8, 1798.6, 1838.8, 2588.9, 2645.7, 2702.5, 2759.4, 2775.0, 2816.1, 2872.9, 2929.7, 2986.6, 3043.4, 3100.2, 3157.0, 3193.6, 3213.9, 3270.7, 3320.0, 3478.5, 3937.6, 3947.9, 3960.7, 4220.8, 4255.9, 4291.2, 4326.4, 4361.6, 4372.7, 4396.9, 4432.2, 4467.4, 4502.6, 4511.7, 4537.9, 4579.7, 5092.2, 5135.9, 5179.6, 5223.3, 5266.9, 5310.6, 5357.8, 5362.0, 5397.8, 5441.5, 5485.1, 5528.7, 5572.4, 5616.0, 5659.6, 5706.4, 5720.5, 5731.1, 5743.9, 5787.6, 5831.1, 5874.7, 6035.7, 6079.3, 6136.1, 6164.6, 6221.3, 6275.4, 6349.4, 6385.8, 6420.9, 6448.1, 6477.9, 6526.6, 6562.6, 6590.8, 6645.9, 6677.7, 6714.4, 6743.9, 6794.4, 7174.5, 7230.1, 7273.4, 7317.0, 7360.3, 7403.8, 7447.2, 7490.6, 7548.6, 7698.2, 7876.1, 8043.5, 8086.0, 8144.2, 8200.7, 8257.3, 8313.9, 8359.4, 8370.5, 8417.7, 8427.0, 8483.5, 8540.1, 8596.7, 8653.3, 8709.8, 8766.4, 8823.0, 8879.6, 8936.1, 8992.8, 9049.4, 9106.0, 9150.8, 9162.6, 9219.2, 9275.8, 9479.7, 9527.0, 9870.0, 9903.2, 9985.6, 10151.7, 10178.3, 10199.9, 10360.7, 10506.2, 10552.8, 10582.8, 10632.3, 10698.0, 10756.4, 11096.0, 11150.4, 11157.9, 11194.1, 11230.4, 11266.7, 11303.0, 11339.2, 11375.5, 11411.7, 11426.2, 11855.0, 11892.9, 11924.0, 11955.0, 12001.6, 12032.6, 12063.6, 12380.1, 12602.4, 12682.5, 12808.6, 12947.4, 13009.8, 13091.2, 13206.7, 13317.4, 13440.4, 13564.2, 13604.6, 13807.7, 14015.4, 14085.1, 14134.0, 14169.3, 14225.8, 14279.2, 14314.2, 14378.4, 14439.2, 14532.0, 14649.6, 14702.0, 14766.7, 14813.2, 14839.2, 14869.5, 14889.8, 15076.3, 15108.5, 15214.8, 15369.5, 15397.7, 15428.9, 15562.9, 15728.2, 15986.8, 16047.2, 16188.9, 16270.3, 16396.1, 16409.3, 16608.8, 16674.4, 16803.1, 16826.5, 16890.4, 16957.9, 17025.4, 17092.9, 17160.9, 17227.8, 17252.4, 17275.0, 17317.9, 17357.9, 17397.8, 17619.8, 17679.1, 17738.5, 17797.9, 17837.4, 17884.7, 17999.9, 18038.4, 18076.9, 18115.4, 18153.9, 18192.4, 18358.1, 18422.9, 18570.5, 18630.9, 18783.7, 18993.0, 19005.1, 19245.6, 19312.6, 19366.4, 19422.8, 19474.2, 19528.1, 19582.0, 19635.8, 19689.6, 19733.8, 19743.5, 19797.4, 19851.3, 19905.2, 19959.0, 20012.8, 20698.5, 20818.7, 20839.1, 20898.3, 20953.5, 21008.7, 21063.8, 21119.1, 21174.3, 21229.4, 21284.6, 21339.9, 21394.7, 21458.5, 21512.7, 21568.6, 21623.7, 21691.3, 21729.5, 21782.8, 21836.1, 21889.4, 21962.1, 21981.1, 22273.2, 22306.8, 22472.0, 22476.8, 22593.3, 22621.7, 22738.3, 23171.1, 23299.5, 23945.9, 24113.8, 24182.3, 24238.7, 24295.0, 24351.3, 24407.6, 24464.0, 24520.4, 24576.6, 24632.9, 24689.2, 24745.5, 24801.8, 24860.5, 24908.6, 24956.7, 25004.9, 25053.0, 25101.2, 25149.3, 25308.6, 25394.9, 25496.5, 25597.9, 25689.2, 25755.9, 25977.8, 26037.2, 26078.7, 26120.2, 26161.8, 26203.3, 26244.8, 26286.4, 26328.0, 26902.8, 26941.9, 26980.9, 27019.9, 27058.9, 27097.9, 27137.0, 27176.0, 27215.0, 27754.5, 27774.7, 27988.3, 28028.6, 28063.7, 28098.8, 28133.0, 28234.1, 28272.2, 28312.7, 28411.9, 28450.2, 28537.0, 28709.7, 28870.8, 29061.3, 29182.3, 29246.5, 29293.0, 29344.6, 29394.3, 29443.9, 29493.6, 29543.3, 29593.0, 29642.7, 29692.4, 29730.1, 29742.0, 29791.7, 29841.3, 29891.0, 29940.6, 29990.3, 30039.9, 30089.6, 30139.2, 30188.8, 30238.5, 30374.9, 30745.4, 30944.5, 31002.7, 31040.1, 31090.1, 31142.2, 31205.7, 31253.9, 31281.9, 31367.0, 31408.5, 31520.3, 31527.7, 31606.2, 31922.2, 31987.6, 32349.1, 32389.0, 32573.1, 32677.2, 32750.5, 32827.0, 32941.0, 33063.0, 33453.6, 33493.8, 33534.0, 33574.1, 33614.3, 33654.4, 33694.5, 33734.7, 33774.9, 33815.0, 33841.7, 33855.1, 33895.3, 33919.9, 34007.9, 34084.2, 34188.6, 34301.6, 34670.2, 34762.8, 34804.5, 34846.5, 34888.3, 34930.2, 34972.1, 35013.9, 35038.8, 35055.9, 35097.7, 35139.7, 35181.5, 35223.4, 35265.3, 35307.1, 35349.1, 35391.0, 35432.9, 35474.8, 35516.7, 35534.0, 35558.7, 35600.5, 35642.4, 35691.4, 36148.7, 36224.5, 36338.0, 36440.6, 36508.7, 36536.6, 36599.1, 36688.4, 36780.6, 36783.6, 36861.5, 36906.8, 36929.5, 37040.7, 37240.1, 37279.2, 37517.4, 37626.9, 37699.9, 37795.4, 37810.2, 37851.3, 37870.7, 37963.3, 38026.8, 38121.2, 38297.3, 38654.1, 38774.0, 38886.4, 39036.2, 39121.1, 39208.1, 39292.3, 39374.7, 39533.5, 39554.8, 39620.8, 39704.7, 39794.0, 39824.5, 39999.4, 40199.7, 40374.7, 40438.5, 40481.8, 40511.4, 40594.9, 40669.5, 40760.6, 40851.9, 40911.9, 40938.2, 41083.9, 41254.1, 41276.4, 41356.7, 41401.9, 41418.6, 41431.3, 41447.3, 41562.3, 41611.2, 41673.1, 41715.2, 41736.9, 41817.7, 41882.6, 41984.7, 42057.1, 42082.4, 42137.1, 42220.9, 42319.2, 42349.4, 42397.5, 42468.6, 42488.0, 42559.7, 42649.6, 42722.7, 42789.5, 42844.6, 42925.0, 42988.0, 43056.4, 43126.8, 43173.4, 43224.3, 43269.6, 43314.4, 43382.7, 43645.9, 43721.5, 43735.3, 43769.4, 43859.8, 43866.7, 43959.7, 43987.1, 44061.2, 44207.1, 45379.0, 45812.2, 45833.5, 45866.9, 45903.6, 45931.6, 45971.2, 46047.2, 46096.3, 46159.7, 46216.5, 46302.8, 46401.0, 46428.5, 46521.1, 46543.2, 46606.6, 46625.2, 46668.2, 46810.2, 46981.4, 47116.1, 47161.7, 47221.1, 47279.0, 47313.5, 47380.8, 47419.1, 47508.1, 47599.1, 47648.6, 47689.1, 47768.0, 47830.9, 47909.3, 47986.0, 48041.5, 48122.9, 48202.8, 48287.2, 48342.8, 48370.4, 48398.6, 48455.0, 48486.4, 48514.4, 48572.7, 48631.6, 48681.6, 48711.9, 48920.0, 48954.1, 49223.0, 49272.0, 49331.9, 49415.2, 49474.8, 49491.1, 49558.6, 49614.2, 49680.3, 49744.2, 49786.4, 49876.3, 49934.0, 49981.1, 49986.9, 50015.6, 50066.9, 50226.7, 50368.5, 50426.2, 50481.9, 50538.2, 50599.8, 50672.3, 50745.0, 50831.2, 50935.6, 50963.0, 51056.2, 51208.0, 51235.9, 51296.6, 51370.7, 51473.0, 51519.0, 51595.0, 51634.2, 51805.1, 51876.8, 51889.1, 51992.8, 52094.6, 52170.2, 52229.3, 52288.6, 52339.1, 52401.7, 52499.5, 52654.0, 52723.6, 52838.5, 53026.1, 53166.5, 53210.4, 53265.2, 53337.5, 53396.0, 53497.5, 53559.4, 53655.8, 53733.2, 53735.3, 53774.7, 53807.5, 53918.4, 54031.3, 54096.5, 54220.6, 54296.8, 54461.2, 54545.8, 54616.6, 54697.5, 54815.5, 54835.3, 54892.2, 54951.8, 55044.1, 55175.9, 55324.6, 55471.0, 55497.9, 55537.3, 55651.5, 55857.3, 56010.8, 56136.1, 56279.4, 56365.1, 56411.6, 56617.2, 57017.7, 57178.7, 57350.0, 57455.7, 57513.0, 57583.8, 57637.5, 57672.4, 57884.4, 58063.2, 58080.3, 58142.7, 58197.2, 58261.2, 58340.3, 58392.2, 58491.9, 58529.1, 58556.4, 58580.8, 58611.7, 58647.4, 58706.1, 58772.2, 58855.4, 58927.8, 58958.8, 58986.5, 59048.5, 59310.3, 59422.1, 59509.1, 59621.9, 59692.9, 59745.8, 59764.8, 59813.5, 59931.8, 60052.6, 60068.0, 60174.0, 60276.3, 60469.2, 60562.9, 60637.2, 60670.7, 60690.6, 60782.3, 60811.4, 60880.4, 61008.6, 61112.5, 61178.8, 61440.9, 61528.0, 61615.3, 61632.0, 61740.0, 61879.5, 62046.1, 62186.8, 62260.0, 62366.0, 62457.3, 62545.4, 62636.6, 62668.2, 62703.4, 62772.3, 62792.5, 62868.5, 62981.3, 62998.0, 63068.3, 63109.7, 63157.5, 63180.1, 63319.5, 63341.2, 63538.7, 63651.1, 63719.8, 63792.4, 63834.7, 63887.4, 63975.9, 64020.8, 64169.5, 64238.2, 64279.2, 64478.2, 64511.5, 64556.4, 64679.8, 64736.2, 64832.9, 64927.8, 64978.0, 65052.1, 65113.6, 65289.6, 65347.1, 65443.0, 65483.8, 65611.4, 65685.2, 65752.9, 65882.9, 65973.1, 66198.8, 66340.0, 66386.4, 66706.5, 67101.0, 67137.0, 67193.5, 67340.2, 67450.3, 67560.6, 67658.6, 67712.0, 67805.2, 67908.3, 68009.8, 68061.6, 68134.1, 68412.9, 68515.3, 68596.8, 68729.7, 68840.5, 68956.0, 69052.7, 69106.8, 69159.2, 69230.4, 69289.6, 69363.3, 69407.9, 69462.9, 69563.1, 69633.5, 69715.8, 69827.6, 69917.5, 69979.7, 70030.2, 70109.4, 70267.2, 70333.5, 70423.0, 70530.3, 70644.4, 70733.0, 70838.6, 70864.3, 70953.1, 71045.0, 71180.5, 71406.0, 71537.2, 71650.5, 71739.3, 71831.6, 71927.5, 72033.4, 72125.4, 72240.4, 72284.9, 72375.3, 72480.3, 72613.1, 72737.3, 72811.8, 72880.0, 72935.7, 73038.4, 73119.8, 73198.2, 73305.6, 73462.4, 73505.5, 73556.9, 73604.9, 73653.0, 73696.2, 73757.8, 73838.9, 73902.9, 73999.8, 74054.4, 74077.3, 74173.4, 74254.1, 74319.1, 74401.0, 74470.3, 74538.8, 74692.3, 74851.1, 74976.5, 75051.4, 75128.9, 75226.9, 75360.3, 75476.9, 75553.1, 75659.7, 75751.9, 75832.9, 75904.8, 75980.8, 76076.2, 76185.4, 76284.5, 76392.9, 76518.4, 76652.1, 76677.3, 76770.9, 76846.2, 76938.0, 77031.2, 77109.6, 77186.1, 77257.5, 77337.8, 77448.3, 77507.1, 77573.6, 77645.1, 77706.1, 77753.9, 77805.3, 77855.1, 77886.6, 77917.2, 77946.0, 77979.2, 78004.8, 78023.5, 78049.4, 78073.5, 78096.2, 78119.8, 78145.7, 78172.0, 78225.1, 78295.9, 78328.8, 78362.9, 78394.0, 78431.6, 78467.2, 78500.1, 78535.0, 78594.0, 78633.2, 78672.0, 78799.0, 78831.4, 78909.4, 78957.9, 78978.6, 79004.2, 79030.7, 79066.0, 79083.1, 79106.8, 79175.8, 79190.9, 79217.7, 79244.9, 79251.6, 79272.8, 79300.6, 79328.2, 79355.9, 79384.0, 79412.2, 79440.2, 79468.4, 79496.6, 79524.7, 79552.9, 79581.1, 79609.6, 79637.9, 79642.6, 79666.6, 79694.8, 79723.3, 79752.0, 79780.3, 79798.2, 79809.1, 79837.2, 79865.9, 79894.4, 79922.6, 79951.1, 79979.6, 80008.2, 80011.5, 80036.3, 80065.0, 80087.2, 80122.3, 80170.9, 80208.0, 80241.5, 80293.6, 80351.1, 80437.2, 80466.3, 80495.0, 80524.2, 80553.4, 80582.5, 80612.1, 80641.1, 80670.7, 80700.2, 80730.3, 80760.9, 80790.9, 80821.1, 80851.2, 80880.8, 80911.1, 80940.7, 80970.5, 81030.7, 81060.4, 81149.4, 81179.4, 81209.2, 81238.7, 81268.1, 81297.0, 81324.2, 81351.1, 81359.4, 81414.9, 81444.9, 81504.8, 81564.6, 81594.8, 81624.6, 81654.5, 81684.5, 81714.1, 81728.0, 81744.1, 81774.7, 81804.5, 81834.7, 81865.1, 81894.8, 81925.0, 81955.0, 81984.4, 82014.5, 82044.2, 82074.7, 82104.9, 82135.5, 82166.4, 82196.9, 82227.4, 82257.8, 82288.5, 82318.9, 82349.3, 82379.7, 82410.3, 82441.4, 82472.2, 82503.4, 82534.3, 82565.3, 82596.2, 82626.7, 82657.7, 82688.1, 82718.4, 82749.0, 82779.2, 82870.1, 82908.1, 82958.4, 82991.5, 83021.6, 83058.4, 83114.5, 83148.9, 83174.6, 83208.1, 83236.4, 83267.6, 83297.1, 83327.5, 83355.8, 83386.0, 83447.9, 83480.2, 83524.9, 83796.8, 83860.4, 83889.0, 83918.0, 83946.4, 83974.8, 84002.1, 84029.7, 84059.8, 84084.2, 84111.5, 84138.0, 84164.4, 84176.5, 84189.5, 84216.1, 84245.7, 84268.4, 84293.5, 84318.6, 84440.5, 84464.3, 84487.6, 84510.4, 84533.3, 84555.8, 84578.3, 84622.5, 84644.4, 84666.3, 84709.2, 84731.3, 84753.1, 84859.3, 84880.2, 84902.1, 84921.7, 84943.0, 84964.2, 84982.7, 85003.2, 85022.6, 85042.2, 85065.3, 85088.0, 85126.1, 85202.2, 85260.3, 85281.8, 85380.3, 85443.0, 85504.5, 85565.6, 85626.8, 85671.0, 85747.0, 85767.1, 85786.5, 85805.5, 85825.2, 85844.8, 85865.9, 85904.8, 85936.9, 85962.3, 85986.8, 86034.5, 86097.0, 86140.0, 86190.1, 86239.9, 86368.7, 86434.3, 86499.4, 86644.0, 86702.9, 86735.7, 86799.8, 86819.8, 86883.2, 86905.4, 86927.6, 86950.8, 86974.3, 87020.2, 87049.6, 87074.4, 87095.4, 87117.6, 87144.9, 87171.1, 87193.4, 87219.7, 87247.1, 87278.4, 87335.1, 87391.8, 87451.8, 87482.8, 87504.1, 87529.8, 87555.3, 87580.6, 87605.9, 87631.2, 87656.5, 87681.4, 87731.7, 87756.5, 87781.6, 87806.9, 87856.5, 87881.2, 87906.1, 87955.9, 87980.5, 88005.3, 88030.3, 88062.7, 88080.3, 88105.4, 88130.7, 88155.4, 88179.9, 88204.8, 88229.3, 88302.7, 88399.7, 88440.0, 88477.8, 88799.2, 88842.9, 88890.7, 88928.8, 88966.9, 89008.1, 89041.2, 89078.1, 89122.6, 89150.8, 89407.7, 89450.8, 89483.6, 89513.9, 89534.9, 89555.6, 89575.7, 89596.9, 89617.2, 89637.7, 89657.6, 89678.2, 89698.3, 89718.9, 89741.8, 89762.6, 89784.8, 89798.5, 89809.6, 90643.3, 90688.4, 90815.6, 90854.9, 90907.6, 90926.1, 90938.1, 91010.5, 91099.5, 91190.2, 91258.1, 91355.3, 91454.0, 91520.0, 91615.9, 91693.3, 91724.8, 91815.4, 91914.2, 92010.3, 92047.6, 92188.0, 92309.4, 92397.2, 92471.7, 92501.9, 92534.8, 92592.9, 92680.2, 92901.9, 93074.1, 93193.2, 93244.1, 93425.4, 93546.8, 93835.8, 94070.7, 94096.1, 94126.3, 94243.3, 94312.5, 94335.8, 94388.4, 94483.6, 94543.5, 94618.9, 94682.8, 94781.7, 94859.7, 94941.7, 94984.9, 95027.7, 95217.3, 95234.9, 95266.9, 95288.2, 95373.2, 95446.1, 95529.9, 95588.6, 95648.3, 95676.9, 95683.2, 95835.9, 96024.0, 96171.9, 96272.3, 96356.5, 96652.3, 96848.0, 96914.5, 96980.2, 97039.0, 97096.0, 97145.9, 97195.9, 97257.1, 97292.7, 97335.0, 97379.2, 97418.0, 97454.0, 97540.1, 97631.9, 97708.2, 97855.8, 97975.0, 98071.1, 98245.5, 98360.5, 98406.7, 98456.8, 98609.7, 98923.1, 99053.3, 99097.7, 99138.0, 99181.0, 99307.1, 99335.5, 99443.3, 99521.5, 99673.1, 99919.3, 99976.9, 100019.3, 100124.9, 100183.3, 100260.8, 100424.2, 100650.6, 100662.1, 100869.8, 101068.0, 101095.7, 101192.6, 101234.2, 101317.9, 101506.0, 101583.4, 101767.0, 101873.7, 102008.3, 102088.6, 102187.3, 102495.5, 102562.3, 102693.7, 102753.7, 102790.3, 102826.6, 102862.9, 102899.0, 102935.1, 102971.3, 103387.0, 103415.1, 103443.2, 103470.3, 103506.8, 103542.4, 103578.5, 103631.3, 103650.5, 103687.0, 103723.2, 103758.7, 103794.6, 103831.2, 103895.3, 104097.6, 104230.5, 104351.6, 104572.5, 104868.9, 105008.6, 105158.4, 105310.0, 105484.0, 105524.8, 105704.7, 105787.9, 105866.2, 105898.7, 106452.6, 106573.7, 106682.1, 106853.9, 106906.4, 106952.6, 107061.4, 107230.7, 107233.6, 107287.2, 107364.8, 107542.4, 107780.0, 107890.9, 108007.4, 108091.6, 108207.4, 108299.1, 108415.3, 108529.0, 108612.6, 108632.4, 108797.8, 108972.2, 108992.0, 109077.7, 109141.2, 109168.4, 109182.4, 109216.6, 109335.1, 109575.7, 109628.8, 109688.4, 109703.7, 109797.7, 109857.4, 109897.2, 109967.2, 110042.3, 110169.9, 110395.0, 110492.9, 110604.5, 110628.7, 110651.2, 110674.1, 110695.6, 110719.5, 110743.7, 110761.3, 110778.3, 110813.1, 110833.6, 110854.7, 110894.0, 110949.8, 110986.9, 111013.5, 111018.3, 111022.6, 111051.1, 111080.5, 111109.3, 111189.6, 111252.2, 111314.4, 111341.6, 111389.2, 111578.9, 111663.5, 111665.2, 111690.4, 111774.8, 111949.0, 111987.2, 112056.5, 112273.1, 112345.9, 112403.8, 112624.3, 112795.3, 112915.3, 112956.5, 113062.1, 113096.6, 113370.2, 113440.4, 113561.0, 113605.3, 113787.4, 113810.1, 113857.5, 113920.1, 114347.3, 114426.4, 114536.9, 114706.2, 114710.7, 114737.2, 114750.0, 114877.7, 114987.9, 115383.4, 115493.2, 115684.7, 115784.9, 115793.2, 115874.9, 116098.3, 116125.5, 116161.8, 116457.3, 116659.8, 116802.6, 116878.1, 116913.1, 116938.7, 116962.6, 117035.1, 117088.4, 117234.2, 117473.6, 117847.0, 117942.3, 118074.4, 118161.2, 118259.9, 118350.4, 118397.0, 118500.8, 118579.0, 118594.5, 118653.2, 118711.4, 118721.1, 118776.2, 118790.0, 118896.5, 119180.2, 119302.8, 119557.7, 119833.6, 119896.9, 119962.4, 120079.9, 120123.1, 120181.5, 120324.3, 120348.0, 120448.8, 120536.6, 120590.7, 120697.6, 120783.2, 120934.6, 120951.6, 121049.2, 121216.4, 121307.2, 121311.2, 121380.9, 121504.8, 121571.6, 121641.8, 121657.5, 121662.9, 121711.6, 121950.4, 122015.8, 122026.6, 122150.2, 122193.8, 122228.3, 122529.8, 122574.1, 122630.8, 122669.1, 122758.9, 122797.3, 122887.2, 122918.3, 122995.8, 123097.1, 123287.7, 123468.0, 123528.1, 123549.4, 123632.1, 123677.1, 123696.5, 123714.8, 123739.1, 123755.3, 123952.2, 124162.4, 124279.6, 124328.3, 124374.5, 124427.7, 124481.3, 124565.5, 124598.1, 124672.4, 124912.3, 125019.5, 125126.8, 125232.0, 125434.4, 125552.1, 125618.6, 125657.4, 125761.3, 125973.9, 126051.2, 126080.2, 126168.3, 126217.9, 126256.9, 126261.6, 126353.2, 126370.6, 126457.5, 126499.1, 126510.9, 126537.4, 126579.1, 126709.1, 126849.9, 126920.7, 127024.9, 127131.6, 127476.5, 127880.9, 127992.4, 128098.7, 128164.8, 128205.4, 128312.0, 128457.9, 128523.1, 128602.7, 128614.9, 128731.7, 128837.3, 128942.7, 129048.1, 129189.8, 129214.5, 129316.7, 129327.2, 129343.2, 129366.9, 129471.2, 129568.3, 129630.6, 129697.7, 129751.4, 129803.5, 129873.9, 129924.6, 130065.1, 130096.2, 130138.2, 130234.8, 130360.4, 130499.3, 130556.5, 130606.7, 130650.2, 130796.2, 130812.2, 130823.6, 130834.1, 130894.9, 130916.2, 130953.3, 130983.8, 131063.7, 131215.7, 131228.7, 131359.6, 131536.0, 131583.8, 131603.2, 131614.5, 131639.6, 131657.8, 131683.3, 131699.8, 131716.3, 131737.9, 131780.4, 131829.5, 131934.1, 131954.1, 131969.9, 131987.5, 132002.6, 132027.3, 132062.6, 132085.0, 132104.9, 132122.9, 132140.1, 132167.5, 132190.8, 132217.9, 132272.3, 132301.0, 132343.4, 132405.4, 132461.7, 132485.6, 132511.3, 132556.5, 132649.6, 132669.0, 132684.8, 132706.2, 132718.4, 132793.3, 132833.5, 132852.2, 132867.3, 132886.9, 132919.7, 132996.6, 133012.6, 133040.6, 133056.2, 133067.5, 133079.5, 133095.7, 133212.1, 133342.6, 133546.2, 133815.0, 134014.9, 134266.0, 134319.7, 134425.8, 134448.7, 134467.2, 134482.5, 134511.6, 134550.6, 134579.8, 134608.0, 134639.6, 134668.2, 134698.9, 134745.1, 134765.4, 134791.9, 134833.6, 134869.3, 134889.6, 134916.9, 134968.3, 134992.2, 135128.7, 135177.2, 135193.9, 135225.5, 135260.0, 135357.3, 135456.8, 135483.6, 135512.9, 135549.0, 135587.0, 135641.1, 135718.8, 135836.3, 135873.6, 136064.9, 136097.9, 136130.2, 136134.5, 136174.0, 136323.1, 136353.2, 136357.4, 136362.2, 136429.0, 136462.3, 136596.1, 136714.3, 136776.5, 136841.2, 136935.0, 136990.9, 137075.4, 137112.7, 137125.1, 137224.0, 137258.4, 137314.9, 137417.9, 137523.5, 137609.5, 137635.0, 137785.0, 137817.8, 137961.5, 138034.3, 138083.9, 138154.8, 138227.4, 138308.2, 138327.2, 138408.5, 138457.5, 138591.7, 138674.0, 138720.8, 138765.1, 138794.3, 138882.4, 138947.3, 138991.3, 139029.9, 139093.4, 139137.0, 139217.5, 139252.0, 139336.5, 139411.4, 139446.9, 139553.9, 139660.6, 139794.5, 139803.6, 139981.9, 140087.7, 140089.7, 140143.4, 140304.1, 140521.3, 140627.8, 140684.1, 140735.7, 140865.2, 140955.1, 141064.6, 141076.7, 141108.7, 141176.1, 141236.8, 141288.5, 141398.8, 141508.8, 141556.1, 141609.4, 141750.3, 141986.9, 142026.3, 142046.4, 142135.9, 142231.6, 142435.2, 142685.2, 142794.4, 142885.5, 142974.0, 143056.4, 143127.6, 143162.8, 143208.3, 143240.7, 143312.1, 143398.3, 143548.9, 143677.3, 143771.4, 143859.3, 143941.6, 144056.5, 144185.7, 144286.9, 144392.1, 144474.2, 144565.7, 144778.1, 144838.8, 144936.7, 145038.0, 145144.2, 145157.7, 145194.8, 145315.8, 145351.5, 145418.9, 145589.4, 145650.0, 145687.4, 145723.7, 145781.3, 145858.3, 145919.5, 145973.5, 146029.1, 146071.6, 146114.8, 146149.7, 146203.6, 146260.6, 146354.3, 146436.4, 146479.1, 146534.2, 146636.5, 146653.2, 146692.9, 146724.4, 146758.6, 146799.9, 146815.2, 146895.2, 146956.6, 147014.5, 147063.4, 147099.7, 147146.9, 147165.9, 147249.6, 147335.0, 147391.4, 147453.7, 147543.5, 147755.9, 147800.3, 147959.0, 147975.6, 147991.4, 148106.6, 148278.2, 148343.3, 148381.8, 148430.5, 148458.8, 148520.6, 148548.9, 148579.4, 148601.3, 148627.6, 148668.0, 148710.3, 148746.0, 148786.6, 148834.4, 148859.7, 148999.5, 149064.5, 149114.8, 149212.1, 149308.5, 149353.3, 149443.6, 149492.9, 149504.4, 149533.0, 149657.3, 149727.5, 149806.9, 149847.0, 149918.3, 150001.5, 150116.6, 150145.2, 150370.5, 150616.0, 150668.2, 150832.9, 150946.5, 151063.9, 151130.0, 151152.1, 151235.4, 151326.9, 151392.0, 151501.8, 151601.5, 151630.5, 151659.0, 151715.6, 151788.0, 151795.4, 151836.0, 151870.4, 151885.4, 151889.2, 151926.0, 151946.2, 151961.9, 152034.3, 152118.1, 152177.4, 152244.4, 152310.6, 152367.5, 152453.0, 152503.6, 152595.5, 152645.6, 152697.3, 152711.8, 152844.0, 152874.6, 152929.4, 152962.8, 152995.0, 153031.9, 153080.6, 153114.0, 153152.8, 153228.4, 153300.3, 153372.0, 153430.4, 153510.0, 153551.0, 153641.2, 153706.9, 153766.8, 153823.3, 153842.3, 153903.1, 153926.7, 153939.0, 153957.9, 153977.7, 154041.5, 154091.4, 154144.9, 154189.4, 154280.9, 154335.1, 154373.6, 154396.5, 154441.2, 154510.5, 154822.9, 155042.0, 155084.1, 155141.2, 155191.1, 155502.0, 155562.7, 155623.2, 155720.8, 155795.0, 155876.4, 155918.2, 155978.3, 156045.1, 156131.4, 156191.6, 156269.7, 156364.2, 156476.2, 156556.9, 156655.0, 156665.2, 156790.9, 156869.4, 156937.1, 157031.6, 157082.3, 157216.9, 157335.7, 157410.9, 157608.4, 157737.2, 157882.1, 157961.0, 158029.6, 158068.4, 158093.7, 158171.6, 158255.3, 158323.8, 158387.0, 158451.9, 158520.2, 158607.7, 158620.4, 158643.7, 158914.5, 158983.7, 159086.6, 159216.1, 159256.7, 159317.8, 159365.0, 159414.6, 159467.8, 159637.3, 159727.6, 159867.4, 159922.1, 159979.0, 160155.5, 160260.9, 160478.6, 160634.7, 160706.4, 160791.0, 160843.1, 160862.7, 160892.9, 160930.1, 160966.0, 161003.9, 161040.5, 161077.3, 161114.5, 161150.7, 161566.1, 161602.7, 161639.1, 161675.2, 161712.3, 161749.0, 161785.9, 161821.7, 161859.7, 161895.9, 161932.0, 161969.2, 162006.2, 162042.1, 162078.9, 162115.3, 162152.2, 162189.0, 162225.1, 162261.9, 162298.5, 162331.3, 162368.1, 162403.7, 162437.0, 162474.0, 162510.1, 162547.6, 162583.7, 162619.7, 162656.9, 162693.3, 162730.9, 162767.3, 162803.3, 162841.0, 162877.1, 162914.5, 162950.7, 162987.1, 163020.1, 163061.5, 163097.8, 163134.5, 163171.7, 163208.2, 163245.4, 163282.4, 163318.9, 163356.2, 163396.0, 163442.4, 163480.8, 163517.3, 163553.6, 163590.1, 163627.9, 163664.6, 163702.4, 163737.9, 163775.0, 163849.7, 163863.0, 163899.4, 163936.0, 163972.6, 164010.1, 164046.6, 164084.4, 164121.4, 164157.8, 164195.2, 164231.4, 164254.1, 164293.3, 164330.6, 164366.4, 164405.1, 164442.5, 164479.2, 164516.2, 164553.1, 164591.6, 164627.7, 164662.8, 164700.2, 164737.7, 164774.0, 164810.4, 164847.4, 164885.3, 164922.1, 164958.4, 164996.2, 165032.5, 165069.3, 165106.7, 165144.1, 165180.9, 165217.8, 165254.7, 165291.4, 165327.9, 165365.0, 165402.1, 165439.2, 165475.8, 165512.3, 165550.1, 165587.3, 165722.5, 165759.9, 165798.1, 165834.4, 165872.2, 165908.2, 165945.4, 165981.8, 166020.4, 166098.6, 166124.6, 166164.1, 166200.1, 166238.0, 166274.8, 166311.4, 166348.2, 166385.2, 166421.3, 166458.7, 166495.4, 166532.9, 166569.9, 166605.5, 166642.9, 166681.1, 166717.2, 166754.5, 166791.4, 166828.5, 166864.9, 166902.0, 166939.4, 166976.0, 167013.7, 167047.0, 167087.4, 167123.7, 167160.7, 167197.5, 167234.2, 167271.3, 167307.5, 167355.0, 167487.1, 167619.6, 167673.5, 167748.7, 167823.9, 167879.8, 167974.7, 168033.0, 168046.2, 168093.1, 168147.4, 168234.7, 168281.6, 168418.2, 168498.5, 168584.2, 168770.2, 169068.2, 169111.7, 169154.0, 169207.0, 169240.7, 169269.6, 169298.5, 169330.8, 169392.2, 169421.1, 169474.9, 169520.2, 169563.3, 169600.8, 169638.3, 169681.2, 169739.1, 169779.3, 169845.4, 169894.1, 169965.4, 170031.4, 170119.5, 170201.4, 170265.2, 170354.4, 170406.0, 170475.1, 170513.1, 170593.2, 170661.4, 170675.4, 170890.0, 170926.7, 170933.7, 171027.7, 171082.4, 171117.2, 171160.6, 171205.4, 171373.2, 171381.9, 171461.1, 171501.6, 171544.4, 171621.8, 171745.4, 171755.2, 171828.8, 171873.1, 171911.0, 171951.2, 172094.5, 172334.7, 172712.7, 172790.4, 172908.2, 173218.1, 173250.8, 173270.0, 173330.9, 173770.9, 173885.0, 173949.8, 174025.5, 174132.1, 174181.2, 174204.9, 174290.4, 174388.5, 174485.8, 174582.5, 174704.8, 174765.3, 174875.5, 174929.7, 174965.4, 175002.7, 175100.5, 175211.3, 175296.3, 175383.0, 175477.3, 175579.7, 175659.4, 175704.6, 175753.7, 175785.9, 175823.8, 175941.0, 175958.4, 175993.2, 176007.5, 176027.2, 176353.4, 176434.3, 176505.2, 176565.4, 176614.6, 176679.6, 176748.7, 176873.1, 176946.8, 176980.1, 177052.4, 177095.0, 177229.7, 177293.9, 177345.5, 177369.3, 177393.2, 177417.8, 177441.8, 177466.4, 177490.8, 177514.2, 177538.4, 177562.9, 177587.8, 177612.2, 177636.4, 177661.4, 177684.5, 177709.3, 177734.4, 177758.8, 177782.2, 177806.6, 177830.6, 177854.6, 177879.0, 177902.1, 177926.4, 177950.5, 177974.8, 177987.0, 178000.0, 178025.0, 178048.5, 178072.9, 178096.2, 178120.0, 178145.7, 178169.6, 178194.0, 178218.5, 178243.1, 178267.2, 178499.9, 178525.1, 178551.3, 178575.8, 178598.7, 178622.7, 178647.2, 178668.8, 178691.4, 178715.2, 178739.7, 178763.9, 178788.6, 178813.3, 178837.6, 178861.4, 178884.8, 178913.0, 178936.7, 178962.7, 178992.7, 179016.4, 179042.7, 179066.3, 179090.3, 179115.1, 179139.1, 179163.8, 179186.9, 179213.2, 179236.5, 179456.2, 179481.0, 179504.5, 179528.3, 179553.1, 179577.6, 179601.7, 179626.7, 179650.9, 179675.4, 179699.4, 179724.5, 179748.9, 179773.6, 179798.2, 179821.4, 179846.8, 179870.9, 179895.0, 179918.9, 179943.6, 179967.9, 179992.0, 180015.6, 180040.0, 180064.7, 180089.4, 180113.7, 180400.9, 180444.4, 180713.8, 180749.7, 180786.9, 180823.3, 180859.8, 180896.8, 180933.3, 180970.0, 181006.2, 181042.7, 181079.8, 181116.3, 181152.8, 181189.8, 181225.8, 181262.1, 181298.7, 181335.6, 181372.0, 181408.9, 181445.5, 181482.2, 181518.4, 181555.2, 181592.0, 181629.3, 181665.6, 181702.8, 181738.2, 181774.7, 181812.1, 181848.1, 181885.0, 181921.3, 181958.3, 181994.9, 182031.7, 182068.4, 182104.7, 182141.5, 182177.5, 182214.9, 182252.1, 182288.5, 182326.0, 182362.0, 182398.0, 182436.7, 182741.4, 182900.2, 182924.5, 182948.6, 182973.6, 182996.5, 183022.5, 183046.7, 183070.5, 183095.5, 183120.0, 183143.7, 183169.2, 183193.0, 183218.6, 183241.5, 183265.8, 183291.0, 183316.5, 183339.9, 183365.1, 183389.5, 183413.9, 183439.8, 183462.6, 183487.4, 183511.7, 183536.5, 183560.7, 183584.7, 183608.9, 183633.9, 183658.4, 183682.8, 183707.3, 183731.6, 183756.2, 183781.6, 183810.3, 183834.7, 183859.4, 183956.3, 184083.7, 184308.5, 184345.7, 184381.8, 184405.9, 184442.8, 184479.7, 184515.8, 184552.2, 184589.2, 184625.6, 184661.3, 184699.3, 184734.4, 184771.3, 184807.9, 184844.9, 184881.1, 184917.8, 184954.0, 184990.1, 185026.9, 185064.2, 185099.6, 185136.3, 185172.8, 185209.2, 185245.6, 185281.6, 185318.1, 185490.3, 185550.8, 185581.1, 185605.3, 185630.6, 185655.3, 185679.9, 185703.1, 185728.9, 185753.7, 185777.7, 185802.3, 185828.2, 185853.2, 185877.6, 185901.9, 185928.1, 185951.9, 185976.4, 186001.9, 186026.3, 186051.2, 186074.8, 186100.5, 186125.0, 186150.6, 186174.9, 186200.6, 186224.8, 186250.4, 186275.1, 186299.0, 186324.1, 186348.5, 186373.5, 186398.4, 186420.1, 186441.7, 186482.8, 186988.6, 187012.8, 187037.4, 187062.5, 187086.0, 187110.9, 187134.9, 187160.0, 187184.5, 187209.3, 187233.7, 187269.1, 187306.0, 187330.0, 187354.5, 187378.9, 187402.6, 187426.7, 187451.9, 187476.7, 187499.8, 187523.9, 187548.6, 187574.2, 187597.8, 187623.1, 187646.8, 187671.8, 187695.9, 187719.7, 187744.8, 187773.6, 187793.2, 187817.1, 187841.6, 187867.0, 187890.9, 187918.2, 187942.5, 187964.8, 187989.0, 188013.8, 188038.3, 188063.7, 188086.4, 188111.0, 188134.9, 188377.8, 188426.2, 188449.0, 188473.2, 188498.0, 188521.5, 188545.1, 188568.1, 188592.5, 188616.8, 188641.5, 188664.4, 188688.5, 188713.4, 188737.1, 188761.0, 188786.0, 188809.9, 188833.4, 188852.4, 188880.4, 188915.7, 188951.5, 188987.5, 189024.2, 189058.7, 189096.0, 189131.4, 189155.5, 189179.8, 189203.4, 189228.3, 189259.9, 189287.3, 189311.0, 189335.4, 189360.0, 189383.8, 189406.9, 189430.0, 189454.9, 189478.7, 189503.0, 189863.1, 189886.5, 189909.6, 189933.2, 189957.8, 189981.2, 190005.2, 190028.4, 190052.5, 190076.7, 190100.6, 190124.7, 190147.9, 190172.0, 190196.0, 190220.4, 190244.3, 190267.8, 190291.8, 190315.5, 190339.9, 190364.0, 190381.4, 190399.4, 190423.2, 190447.4, 190542.3, 190650.2, 190718.3, 190781.9, 190928.6, 191137.9, 191160.5, 191429.6, 191501.0, 191610.5, 191634.9, 191659.2, 191682.8, 191707.8, 191732.3, 191756.0, 191781.0, 191805.8, 191829.9, 191854.7, 191878.3, 191902.4, 191927.5, 191949.7, 191974.5, 191995.1, 192020.0, 192044.0, 192068.1, 192146.6, 192410.1, 192433.4, 192457.7, 192483.1, 192507.5, 192532.1, 192556.1, 192580.9, 192605.9, 192629.5, 192654.2, 192678.9, 192703.3, 192727.8, 192752.5, 192776.9, 192801.0, 192825.7, 192850.4, 192911.1, 192989.5, 193363.4, 193387.4, 193411.4, 193435.9, 193459.4, 193484.8, 193509.2, 193534.0, 193558.9, 193582.4, 193606.4, 193631.1, 193655.3, 193679.7, 193705.2, 193729.6, 193754.3, 193778.6, 193803.1, 193827.1, 193851.8, 193876.5, 193900.1, 193923.9, 193948.4, 193972.8, 193996.7, 194021.3, 194045.6, 194069.5, 194093.5, 194120.4, 194142.1, 194166.4, 194191.0, 194215.1, 194239.0, 194263.6, 194288.4, 194312.6, 194336.5, 194360.5, 194385.4, 194408.4, 194434.1, 194515.3, 194564.6, 194773.4, 194798.7, 194821.0, 194846.1, 194869.8, 194892.4, 194917.1, 194941.4, 194966.2, 194990.3, 195015.2, 195038.5, 195062.6, 195099.5, 195124.1, 195147.5, 195172.2, 195195.3, 195219.1, 195244.5, 195269.3, 195292.2, 195316.8, 195341.4, 195365.5, 195389.0, 195414.2, 195437.9, 195463.8, 195611.4, 195652.9, 195896.4, 195921.1, 195947.1, 195968.6, 195993.1, 196017.8, 196041.8, 196066.6, 196090.3, 196113.8, 196137.8, 196163.5, 196187.5, 196209.0, 196233.4, 196256.3, 196281.7, 196305.2, 196329.4, 196353.9, 196378.5, 196402.3, 196425.8, 196450.7, 196474.3, 196498.9, 196523.2, 196547.1, 196571.0, 196595.3, 196619.9, 196644.1, 196668.3, 196692.3, 196717.5, 196743.5, 196767.8, 196792.4, 197025.4, 197049.9, 197074.0, 197097.8, 197121.6, 197148.9, 197172.2, 197195.9, 197221.7, 197245.5, 197270.1, 197294.2, 197318.8, 197341.8, 197365.1, 197389.7, 197413.2, 197437.8, 197462.3, 197486.5, 197679.8, 197765.9, 197908.8, 197933.6, 197957.1, 197981.9, 198005.7, 198030.1, 198054.4, 198078.6, 198103.5, 198127.4, 198152.3, 198176.9, 198200.8, 198225.9, 198249.7, 198273.6, 198298.3, 198323.5, 198347.6, 198371.3, 198395.6, 198420.0, 198444.7, 198468.6, 198493.2, 198517.8, 198541.5, 198566.4, 198590.4, 198614.4, 198638.7, 198663.0, 198687.7, 198715.5, 198749.8, 198775.5, 198799.0, 198821.5, 198847.1, 198871.2, 198895.8, 198919.3, 198943.7, 198968.6, 198994.7, 199183.9, 199204.0, 199227.8, 199252.8, 199276.6, 199301.8, 199326.0, 199350.8, 199374.9, 199399.3, 199423.8, 199447.5, 199472.3, 199496.7, 199522.1, 199545.6, 199570.3, 199595.9, 199634.9, 200139.9, 200174.2, 200232.8, 200258.0, 200282.7, 200306.4, 200331.8, 200355.7, 200380.0, 200404.6, 200428.3, 200461.3, 200493.3, 200520.5, 200547.2, 200572.4, 200598.2, 200626.8, 200658.3, 200688.6, 200714.3, 200740.4, 200773.1, 200801.1, 200830.3, 200918.1, 200939.6, 200964.0, 201111.0, 201136.8, 201160.4, 201192.1, 201431.9, 201555.9, 201644.8, 201698.7, 201758.9, 201778.6, 201801.8, 201826.0, 201849.9, 201873.9, 201898.0, 201922.4, 201946.0, 201970.4, 201994.8, 202018.4, 202042.9, 202065.5, 202089.0, 202105.6, 202132.0, 202159.1, 202166.7, 202171.3, 202175.6, 202185.3, 202190.1, 202194.9, 202199.4, 202203.9, 202212.8, 202225.0, 202237.4, 202253.4, 202265.2, 202272.2, 202292.2, 202314.5, 202338.9, 202352.4, 202365.6, 202392.4, 202422.6, 202449.6, 202473.9, 202500.2, 202523.8, 202549.1, 202570.8, 202631.1, 202673.8, 202786.5, 202835.8, 202858.2, 202882.4, 202903.5, 202928.2, 202950.8, 202974.3, 202998.3, 203023.0, 203048.7, 203072.1, 203096.1, 203120.1, 203143.7, 203168.8, 203191.2, 203216.2, 203246.3, 203276.5, 203307.7, 203337.0, 203371.8, 203406.2, 203443.0, 203478.0, 203502.1, 203526.3, 203550.5, 203574.5, 203598.3, 203622.3, 203645.6, 203670.5, 203693.1, 203717.5, 203742.2, 203861.0, 203885.6, 203909.9, 203933.9, 203957.8, 203982.8, 204007.9, 204031.8, 204056.6, 204081.5, 204106.3, 204131.5, 204155.6, 204181.6, 204235.7, 205146.9, 205171.3, 205195.8, 205220.0, 205243.8, 205268.5, 205292.4, 205317.2, 205341.3, 205365.9, 205390.4, 205414.9, 205439.0, 205463.5, 205487.9, 205512.0, 205536.3, 205604.7, 205624.2, 205648.6, 205672.8, 205696.9, 205721.0, 205745.8, 205769.8, 205794.7, 205819.2, 205843.8, 205867.2, 205881.1, 205893.3, 205964.6, 206080.0, 206088.3, 206112.4, 206135.0, 206159.7, 206173.2, 206207.0, 206231.2, 206256.3, 206281.2, 206294.6, 206307.5, 206332.7, 206358.7, 206384.5, 206409.6, 206435.2, 206567.7, 206640.9, 206666.8, 206821.3, 206848.1, 206860.7, 206873.9, 206886.9, 206899.9, 206912.6, 206925.2, 206937.7, 206949.8, 206962.8, 206975.6, 206988.9, 207001.3, 207013.9, 207027.1, 207040.0, 207052.4, 207065.0, 207077.0, 207090.2, 207102.3, 207109.7, 207114.6, 207127.8, 207140.1, 207151.5, 207162.7, 207174.7, 207194.2, 207206.8, 207218.9, 207230.9, 207243.3, 207255.2, 207267.8, 207279.7, 207292.1, 207304.2, 207316.5, 207328.5, 207340.9, 207352.8, 207364.4, 207376.9, 207389.7, 207401.5, 207413.6, 207425.7, 207437.9, 207450.5, 207462.4, 207474.7, 207486.9, 207499.2, 207510.8, 207523.6, 207535.8, 207548.1, 207560.2, 207584.1, 207608.6, 207632.7, 207657.0, 207681.4, 207807.9, 208024.4, 208123.0, 208171.4, 208218.6, 208268.6, 208316.6, 208378.7, 208406.6, 208476.1, 208516.0, 208567.0, 208611.8, 208679.3, 208780.0, 208914.9, 209092.3, 209140.2, 209556.6, 209568.0, 209823.2, 209843.0, 209957.5, 210007.1, 210055.6, 210103.9, 210152.4, 210198.9, 210230.4, 210306.6, 210355.3, 210404.3, 210524.8, 210652.3, 210729.6, 210798.3, 210858.8, 211077.9, 211106.9, 211159.1, 211212.4, 211279.0, 211330.0, 211385.9, 211448.3, 211508.1, 211567.5, 211773.7, 211797.5, 211821.8, 211846.6, 211882.5, 211919.7, 211951.5, 211962.2, 211992.6, 212016.6, 212041.2, 212065.4, 212089.4, 212114.5, 212419.5, 212443.7, 212467.7, 212492.1, 212516.9, 212542.0, 212566.3, 212590.6, 212614.7, 212639.0, 212663.6, 212677.9, 212754.6, 212770.0, 212786.4, 212810.3, 212834.9, 212859.1, 212883.0, 212907.5, 212932.0, 212956.1, 212980.9, 213005.1, 213029.5, 213054.5, 213079.2, 213103.3, 213127.2, 213152.0, 213176.6, 213201.1, 213225.5, 213249.6, 213273.7, 213316.8, 213360.3, 213387.1, 213426.2, 213539.2, 213662.3, 213781.6, 213887.7, 213985.4, 214023.9, 214061.1, 214073.2, 214147.8, 214207.4, 214671.6, 214863.3, 215191.5, 215960.2, 216060.7, 216082.2, 216153.5, 216361.5, 216385.3, 216409.2, 216431.9, 216455.0, 216478.3, 216501.7, 216525.8, 216550.6, 216575.2, 216600.2, 216624.8, 216649.4, 216674.2, 216698.3, 216723.8, 216759.6, 216787.5, 216811.8, 216861.3, 216885.7, 216910.6, 216935.2, 216979.8, 217008.7, 217034.0, 217070.0, 217095.0, 217120.1, 217156.5, 217181.1, 217205.6, 217229.8, 217279.8, 217328.2, 217353.0, 217377.2, 217402.2, 217427.1, 217982.3, 218004.0, 218028.0, 218052.7, 218077.4, 218100.6, 218125.3, 218150.0, 218174.6, 218199.0, 218223.8, 218248.7, 218271.8, 218311.1, 218561.5, 218578.4, 218603.3, 218627.8, 218652.5, 218676.6, 218701.6, 218725.9, 218750.6, 218775.0, 218799.4, 218824.4, 218848.6, 218873.1, 218897.3, 218947.3, 218971.4, 218995.9, 219020.1, 219044.5, 219201.5, 219247.5, 219299.6, 219345.1, 219622.0, 219671.0, 219803.8, 219974.3, 219998.3, 220023.2, 220072.1, 220096.3, 220121.0, 220145.3, 220169.8, 220194.1, 220218.8, 220427.7, 220454.0, 220494.6, 220498.2, 220522.8, 220548.3, 220571.9, 220596.8, 220621.0, 220645.6, 220670.0, 220694.1, 220718.6, 220743.8, 220767.9, 220792.5, 220840.1, 220889.6, 220938.5, 220987.1, 221011.9, 221036.1, 221121.2, 221145.0, 221163.5, 221183.3, 221207.9, 221231.5, 221255.8, 221280.4, 221304.8, 221328.4, 221353.2, 221377.6, 221426.3, 221450.8, 221475.0, 221499.4, 221524.1, 221548.5, 221595.0, 221619.7, 221644.1, 221668.4, 221717.6, 221766.7, 221781.4, 221815.7, 221864.4, 221913.9, 221963.2, 221969.1, 222011.5, 222060.2, 222109.5, 222158.2, 222391.4, 222440.3, 222496.5, 222514.2, 222673.1, 222770.8, 222882.2, 222953.7, 223046.5, 223267.4, 223292.1, 223473.6, 223498.3, 223521.9, 223546.4, 223570.0, 223594.3, 223618.1, 223642.1, 223666.2, 223690.9, 223715.2, 223740.0, 223764.7, 223789.1, 223813.5, 223837.3, 223862.1, 223886.4, 223910.8, 223935.5, 223961.6, 223988.9, 224016.2, 224044.0, 224071.1, 224098.5, 224125.9, 224153.4, 224180.6, 224208.4, 224234.9, 224262.4, 224290.1, 224316.4, 224344.5, 224677.0, 224705.3, 224903.2, 224930.3, 224957.6, 224994.5, 225057.6, 225092.5, 225134.8, 225153.4, 225180.9, 225208.3, 225235.6, 225263.0, 225289.9, 225316.9, 225344.5, 225371.6, 225398.6, 225425.6, 225453.3, 225480.2, 225507.8, 225522.7, 225535.1, 225562.0, 225588.8, 225752.8, 225834.9, 225862.1, 225889.8, 225903.4, 225917.1, 225930.7, 225944.8, 225958.7, 225972.4, 225986.3, 226000.1, 226013.8, 226027.6, 226041.5, 226054.9, 226068.9, 226082.4, 226096.1, 226273.3, 226300.6, 226328.1, 226355.2, 226382.1, 226478.8, 226492.0, 226505.9, 226519.4, 226533.1, 226546.6, 226560.1, 226574.0, 226586.2, 226588.5, 226602.0, 226615.4, 226629.4, 226642.8, 226656.8, 226670.2, 226683.8, 226697.3, 226711.7, 226724.8, 226738.0, 226752.1, 226766.6, 226780.6, 226794.4, 226807.8, 226821.3, 226835.0, 226848.5, 226861.1, 226874.4, 226888.7, 226904.3, 226919.5, 226933.2, 226946.8, 226960.2, 226974.4, 226987.5, 227001.2, 227015.7, 227028.1, 227052.5, 227083.4, 227110.8, 227142.1, 227169.7, 227197.7, 227223.3, 227258.0, 227353.9, 227378.4, 227462.4, 227490.7, 227634.4, 227653.2, 227673.2, 227693.1, 227715.2, 227737.2, 227757.8, 227779.7, 227798.3, 227815.8, 227831.9, 227851.3, 227918.1, 227944.2, 227969.8, 228008.3, 228071.7, 228104.3, 228132.6, 228158.6, 228168.5, 228191.8, 228275.5, 228305.2, 228474.6, 228600.7, 228731.9, 228797.3, 228859.7, 228898.3, 229118.3, 229149.4, 229169.6, 229187.4, 229206.8, 229224.8, 229245.2, 229261.2, 229280.9, 229294.4, 229308.8, 229326.0, 229347.7, 229367.9, 229390.4, 229408.8, 229428.6, 229453.4, 229478.1, 229501.7, 229526.2, 229550.9, 229576.2, 229599.7, 229624.1, 229649.4, 229673.7, 229697.7, 229717.7, 229742.1, 229844.2, 229900.6, 229945.1, 229969.9, 229994.4, 230061.7, 230115.5, 230178.3, 230202.8, 230227.7, 230250.6, 230275.7, 230300.3, 230324.5, 230348.8, 230373.0, 230397.7, 230421.9, 230446.7, 230474.9, 230514.8, 230533.7, 230558.1, 230581.2, 230605.7, 230630.6, 230655.7, 230680.2, 230701.5, 230755.8, 230779.6, 230804.7, 230830.2, 230840.3, 230853.4, 230883.3, 230908.6, 230933.1, 230957.3, 230982.1, 231006.9, 231031.3, 231056.2, 231080.3, 231105.3, 231131.2, 231152.6, 231173.1, 231196.2, 231220.3, 231245.4, 231269.5, 231293.4, 231317.7, 231342.1, 231366.1, 231390.4, 231414.7, 231438.7, 231463.4, 231596.7, 231621.6, 231645.9, 231657.9, 231670.3, 231682.2, 231694.3, 231706.3, 231719.2, 231729.8, 231758.7, 231792.2, 231826.1, 231838.1, 231850.2, 231862.4, 231874.5, 231886.4, 231898.6, 231911.0, 231922.8, 231935.0, 231946.6, 231958.7, 231971.1, 231983.4, 231995.5, 232007.8, 232020.6, 232032.6, 232056.6, 232093.1, 232142.3, 232251.6, 232275.9, 232301.3, 232325.0, 232349.1, 232373.9, 232410.9, 232539.2, 232617.0, 232640.8, 232665.3, 232734.1, 232807.6, 232823.2, 232838.8, 232909.8, 233168.2, 233192.8, 233216.7, 233240.8, 233266.2, 233289.2, 233313.4, 233337.8, 233362.5, 233386.4, 233411.1, 233435.6, 233459.9, 233484.1, 233509.4, 233534.4, 233649.1, 233727.9, 234245.8, 234390.3, 234412.9, 234434.4, 234457.6, 234523.0, 234544.8, 234592.5, 234677.1, 234699.8, 234734.7, 234748.1, 234760.6, 234806.1, 234832.2, 234854.4, 234882.0, 234926.5, 234954.9, 234976.6, 234998.6, 235030.7, 235052.1, 235073.9, 235098.4, 235133.2, 235165.8, 235185.7, 235207.5, 235222.7, 235290.3, 235483.6, 235582.7, 235672.8, 235684.6, 235721.4, 235732.0, 235744.0, 235756.3, 235788.4, 235799.8, 235811.9, 235860.6, 235872.0, 235882.8, 235926.3, 236073.9, 236136.6, 236148.3, 236159.5, 236170.0, 236181.6, 236236.3, 236247.6, 236258.1, 236269.4, 236299.5, 236372.0, 236396.5, 236445.1, 236454.4, 236465.8, 236651.4, 236662.0, 236673.6, 236685.3, 236697.1, 236707.7, 236718.0, 236728.6, 236739.3, 236750.9, 236784.6, 236810.8, 236822.5, 236835.5, 236847.7, 236864.3, 236881.4, 236897.4, 236913.5, 236924.2, 236935.4, 236946.9, 236958.1, 237069.9, 237077.4, 237089.2, 237100.0, 237110.7, 237121.7, 237132.2, 237143.8, 237166.0, 237187.3, 237209.4, 237219.8, 237230.4, 237242.0, 237253.5, 237264.8, 237429.6, 237451.1, 237516.9, 237539.5, 237561.6, 237572.0, 237582.9, 237594.8, 237605.3, 237616.1, 237626.7, 237637.6, 237647.3, 237657.0, 237668.0, 237679.3, 237691.2, 237702.2, 237713.8, 237725.6, 237736.5, 237746.8, 237769.2, 237791.4, 237812.8, 237834.4, 237857.0, 237878.2, 237901.1, 237923.0, 237945.1, 237966.1, 238256.7, 238268.8, 238280.6, 238293.4, 238305.0, 238317.7, 238329.9, 238342.3, 238354.3, 238366.4, 238378.5, 238390.9, 238403.1, 238415.5, 238427.3, 238440.0, 238452.8, 238464.6, 238476.9, 238489.0, 238501.3, 238513.7, 238526.1, 238538.2, 238549.9, 238556.4, 238562.9, 238574.4, 238586.6, 238599.3, 238610.9, 238623.7, 238635.6, 238648.1, 238841.2, 238853.3, 238865.5, 238877.4, 238889.9, 238902.2, 238913.9, 238925.6, 238937.7, 238950.2, 238961.1, 238973.5, 238985.2, 238997.1, 239009.3, 239021.1, 239033.3, 239045.0, 239057.3, 239069.9, 239082.3, 239094.0, 239105.7, 239117.9, 239130.2, 239142.2, 239154.4, 239166.1, 239178.1, 239190.3, 239202.5, 239214.4, 239226.1, 239239.3, 239251.3, 239326.6, 239351.6, 239417.4, 239429.6, 239442.0, 239454.0, 239466.1, 239475.4, 239487.4, 239495.1, 239499.0, 239514.9, 239527.1, 239539.7, 239551.7, 239563.9, 239576.1, 239588.5, 239600.3, 239612.4, 239624.4, 239636.6, 239649.3, 239661.2, 239673.4, 239681.3, 239693.3, 239705.2, 239722.6, 239735.4, 239747.1, 239772.0, 239807.9, 239820.4, 239832.7, 239845.3, 239857.2, 239868.9, 239881.7, 239893.6, 239906.5, 239918.8, 239930.8, 239966.9, 239979.5, 239991.8, 240039.8, 240051.9, 240063.4, 240076.4, 240090.4, 240110.3, 240126.9, 240138.9, 240150.9, 240163.2, 240175.4, 240186.9, 240199.8, 240211.3, 240224.1, 240236.5, 240248.1, 240259.7, 240272.3, 240284.4, 240296.3, 240308.7, 240320.9, 240332.9, 240345.7, 240357.4, 240369.4, 240381.2, 240393.9, 240406.0, 240418.5, 240513.5, 240589.8, 240600.4, 240612.7, 240624.9, 240637.4, 240649.5, 240661.7, 240673.7, 240688.6, 240704.0, 240716.5, 240728.1, 240739.6, 240750.3, 240762.6, 240774.7, 240786.1, 240797.6, 240809.1, 240820.1, 240832.1, 240844.7, 240855.5, 240867.0, 240879.3, 240889.6, 240901.5, 240936.4, 240948.5, 240960.8, 240971.6, 241019.1, 241041.9, 241066.4, 241262.9, 241371.7, 241383.4, 241395.4, 241432.5, 241469.6, 241506.5, 241543.8, 241580.2, 241618.1, 241654.4, 241665.6, 241682.3, 241825.9, 241859.1, 241884.1, 241970.4, 242017.5, 242067.8, 242114.5, 242164.0, 242227.4, 242282.3, 242304.4, 242354.1, 242395.2, 242417.3, 242442.4, 242508.0, 242536.0, 242539.0, 242542.2, 242664.1, 242737.3, 242776.5, 242823.7, 243112.7, 243153.5, 243189.0, 243224.7, 243260.9, 243305.6, 243353.1, 243402.9, 243451.5, 243500.6, 243549.2, 243598.6, 243644.6, 243692.3, 243742.6, 243791.1, 243826.4, 243883.2, 243934.8, 243982.5, 244033.1, 244080.5, 244129.4, 244178.2, 244226.1, 244274.5, 244322.3, 244490.2, 244539.3, 244589.0, 244636.0, 244683.4, 244731.1, 244777.2, 244820.8, 244863.1, 244910.5, 244958.8, 245006.5, 245055.2, 245104.0, 245151.3, 245199.3, 245248.7, 245295.9, 245343.6, 245587.1, 245634.4, 245684.7, 245720.6, 245756.3, 245794.7, 245836.7, 245880.2, 245925.7, 245974.7, 246022.4, 246070.9, 246143.0, 246287.8, 246384.3, 246400.3, 246469.2, 246729.3, 246835.5, 246839.1, 247039.3, 247042.0, 247159.5, 247250.7, 247299.2, 247340.7, 247418.8, 247441.9, 247458.5, 247470.8, 247501.5, 247548.2, 247615.3, 247654.1, 247800.6, 247889.9, 247909.8, 247958.8, 248004.6, 248137.0, 248199.4, 248303.0, 248382.3, 248480.1, 248569.9, 248634.1, 248691.0, 248762.5, 248792.4, 248916.2, 248983.4, 249081.4, 249121.3, 249158.8, 249255.2, 249330.4, 249356.5, 249432.2, 249585.6, 249824.5, 249948.0, 249988.6, 250029.5, 250078.9, 250151.7, 250231.7, 250283.1, 250364.5, 250390.5, 250442.4, 250501.3, 250562.5, 250595.9, 250613.9, 250661.2, 250806.5, 250884.5, 250899.2, 250954.2, 251003.0, 251012.6, 251066.8, 251113.4, 251208.9, 251247.4, 251275.1, 251298.3, 251317.7, 251355.4, 251393.4, 251415.2, 251434.5, 251453.2, 251472.3, 251496.2, 251521.0, 251532.5, 251545.5, 251566.3, 251585.0, 251604.1, 251624.4, 251647.5, 251669.4, 251691.6, 251713.4, 251739.5, 251763.2, 251786.6, 251811.7, 251836.8, 251862.1, 251886.8, 251912.0, 251936.8, 251961.9, 251986.2, 252009.4, 252034.3, 252057.5, 252081.4, 252104.2, 252128.0, 252151.7, 252174.5, 252198.6, 252307.3, 252375.5, 252396.7, 252435.1, 252474.9, 252500.9, 252771.9, 252810.8, 252853.9, 252911.7, 252980.3, 253013.5, 253145.6, 253193.2, 253363.5, 253380.2, 253676.3, 253727.7, 253777.0, 253823.9, 253872.9, 253920.2, 253968.6, 254017.5, 254065.3, 254113.3, 254161.4, 254210.5, 254259.0, 254307.5, 254356.3, 254404.9, 254453.8, 254554.4, 254848.7, 254905.0, 254941.3, 254977.2, 255012.3, 255049.0, 255085.3, 255121.1, 255157.5, 255193.2, 255229.4, 255265.3, 255301.9, 255338.3, 255374.0, 255410.5, 255446.5, 255460.5, 255483.0, 255519.5, 255555.1, 255590.8, 255652.2, 255975.8, 256002.4, 256155.2, 256316.5, 256348.5, 256452.4, 256481.5, 256517.1, 256565.9, 256614.5, 256662.9, 256711.7, 256759.9, 256806.9, 256855.7, 256878.7, 256951.1, 256970.4, 257020.5, 257068.0, 257116.3, 257164.6, 257279.1, 257305.0, 257330.5, 257354.6, 257378.7, 257402.7, 257427.9, 257451.3, 257487.2, 257512.0, 257536.5, 257560.5, 257583.8, 257610.1, 257633.2, 257657.4, 257678.1, 257700.5, 257726.3, 257750.0, 257775.0, 257833.7, 257858.4, 257881.1, 257924.4, 257993.8, 258061.5, 258114.5, 258155.9, 258210.3, 258216.7, 258219.6, 258223.2, 258285.1, 258367.2, 258406.3, 258456.6, 258494.7, 258532.1, 258567.5, 258601.6, 258642.5, 258662.5, 258676.4, 258715.2, 258754.1, 258791.1, 258827.0, 258864.1, 258888.3, 258914.5, 258940.9, 258968.7, 259004.5, 259038.9, 259076.1, 259110.5, 259148.2, 259184.2, 259219.2, 259255.2, 259374.3, 259492.9, 259565.3, 259600.1, 259635.2, 259670.6, 259706.1, 259741.0, 259776.5, 259811.3, 259846.9, 259881.6, 259926.7, 259946.6, 259964.5, 259993.7, 260018.1, 260044.4, 260068.5, 260077.5, 260186.1, 260206.4, 260221.9, 260455.1, 260539.8, 260723.5, 260759.1, 260794.5, 260829.4, 260866.9, 260901.3, 260942.3, 260958.0, 260967.6, 260991.9, 261016.1, 261040.2, 261064.5, 261089.1, 261113.7, 261138.3, 261162.8, 261187.2, 261211.4, 261236.0, 261260.2, 261284.4, 261308.8, 261332.9, 261357.4, 261381.7, 261406.0, 261430.3, 261454.6, 261479.2, 261503.4, 261527.9, 261552.3, 261567.6, 261576.0, 261588.8, 261599.7, 261614.8, 261631.1, 261805.5, 261903.2, 261988.5, 262086.0, 262110.5, 262134.8, 262159.2, 262183.6, 262207.6, 262232.1, 262256.1, 262280.2, 262304.8, 262328.7, 262353.1, 262377.3, 262401.4, 262423.8, 262443.8, 262467.4, 262470.9, 262492.4, 262516.4, 262540.6, 262565.0, 262582.1, 262604.9, 262629.4, 262657.1, 262730.0, 262793.6, 262861.0, 262897.6, 262921.9, 262946.7, 262971.0, 262995.2, 263019.6, 263043.9, 263068.5, 263093.0, 263117.2, 263141.8, 263165.6, 263190.3, 263215.2, 263239.6, 263263.8, 263287.8, 263311.9, 263336.2, 263361.0, 263384.9, 263409.0, 263433.2, 263457.4, 263481.5, 263505.9, 263530.2, 263554.0, 263578.3, 263602.7, 263627.0, 263651.1, 263675.0, 263700.1, 263729.4, 263780.9, 263805.4, 263830.2, 263853.9, 263878.5, 263903.2, 263927.7, 263952.6, 263976.3, 264000.9, 264025.3, 264049.8, 264074.2, 264098.6, 264123.0, 264134.8, 264159.7, 264196.3, 264232.9, 264269.1, 264305.8, 264342.5, 264379.1, 264609.8, 264645.5, 264689.6, 264732.2, 264767.7, 264804.0, 264841.0, 264877.7, 264914.2, 264951.4, 264987.2, 265023.8, 265060.0, 265096.4, 265132.9, 265169.8, 265206.2, 265583.1, 265607.3, 265631.9, 265656.7, 265681.6, 265705.5, 265730.3, 265754.2, 265779.4, 265803.6, 265828.5, 265852.3, 265877.1, 265901.9, 265926.9, 265950.6, 265975.4, 265999.4, 266023.6, 266048.5, 266072.9, 266096.9, 266122.2, 266145.7, 266170.1, 266194.6, 266219.2, 266244.4, 266268.4, 266292.4, 266317.2, 266341.7, 266366.0, 266597.7, 266633.7, 266670.3, 266707.1, 266743.2, 266768.5, 266793.2, 266817.8, 266842.2, 266866.9, 266891.5, 266914.5, 266938.5, 266963.1, 266987.8, 267011.9, 267037.3, 267061.4, 267085.0, 267109.4, 267133.0, 267160.4, 267364.2, 267562.8, 267641.0, 267730.9, 267755.8, 267779.6, 267804.0, 267829.0, 267852.4, 267877.4, 267901.5, 267925.5, 267950.9, 267974.7, 267999.7, 268023.3, 268038.4, 268170.3, 268194.1, 268218.4, 268242.7, 268267.2, 268291.7, 268314.9, 268339.4, 268364.4, 268374.6, 268389.0, 268412.7, 268436.5, 268460.3, 268485.0, 268509.2, 268533.5, 268557.8, 268582.6, 268607.2, 268630.9, 268655.9, 268680.6, 268704.3, 268729.0, 268752.9, 268777.7, 268802.0, 268826.7, 268850.5, 268875.3, 268900.0, 268923.9, 268948.7, 268972.3, 268997.0, 269022.1, 269046.5, 269181.2, 269261.3, 269608.9, 269645.5, 269682.0, 269719.2, 269755.6, 269792.8, 269828.9, 269866.0, 269903.0, 269939.4, 270255.9, 270292.5, 270328.5, 270365.6, 270401.5, 270434.7, 270469.6, 270494.3, 270523.1, 270559.8, 270596.2, 270633.4, 270669.5, 270701.3, 271279.1, 271315.8, 271353.4, 271389.3, 271426.0, 271463.0, 271500.2, 271537.2, 271573.8, 271610.5, 271647.4, 271684.0, 271721.1, 271757.9, 271794.5, 271830.4, 272111.5, 272133.5, 272169.9, 272206.8, 272243.2, 272279.9, 272316.4, 272351.7, 272388.1, 272425.8, 272461.5, 272499.0, 272535.8, 272572.6, 272608.6, 272790.5, 272828.0, 272864.7, 272900.6, 272937.7, 272974.3, 273011.1, 273046.8, 273084.3, 273119.7, 273157.6, 273194.0, 273231.0, 273267.7, 273327.0, 273340.6, 273376.9, 273411.9, 273510.7, 273546.9, 273583.0, 273619.6, 273657.5, 273692.2, 273728.4, 273765.1, 273801.2, 273837.2, 273877.3, 273914.6, 273950.9, 273987.6, 274023.4, 274060.1, 274097.3, 274133.0, 274169.7, 274205.5, 274242.2, 274278.8, 274315.0, 274352.4, 274388.0, 274424.0, 274461.3, 274593.9, 274738.9, 274777.0, 274813.9, 274849.9, 274886.3, 274923.1, 274959.2, 274996.3, 275032.0, 275069.3, 275105.7, 275141.5, 275178.6, 275215.7, 275251.3, 275287.2, 275324.9, 275360.5, 275397.3, 275433.9, 275470.6, 275506.9, 275542.8, 275579.7, 275612.5, 275664.7, 275741.7, 276028.3, 276057.3, 276084.1, 276137.4, 276174.1, 276222.9, 276274.2, 276330.4, 276375.9, 276382.4, 276422.0, 276451.0, 276510.7, 276568.1, 276623.7, 276682.9, 276738.4, 276789.6, 276828.8, 276864.4, 276909.2, 276968.3, 277080.6, 277166.6, 277241.2, 277321.4, 277345.3, 277369.7, 277393.8, 277405.4, 277418.3, 277442.5, 277466.9, 277491.4, 277515.5], "attach_start_m": 0.0, "attach_end_m": 277515.5, "attach_snap_m": [0.0, 0.0]}, "geometry": {"type": "LineString", "coordinates": [[-74.9039731, 38.9605212], [-74.9039847, 38.9606229], [-74.9039919, 38.9607124], [-74.9039939, 38.9607917], [-74.9039904, 38.9608754], [-74.903979, 38.9609453], [-74.903966, 38.9610208], [-74.903956, 38.9610732], [-74.9039343, 38.9611412], [-74.9039083, 38.9612123], [-74.9038714, 38.9612922], [-74.9038137, 38.9613946], [-74.9037792, 38.9614568], [-74.9037133, 38.9615459], [-74.9035119, 38.961782], [-74.9032811, 38.9620409], [-74.9028961, 38.9624647], [-74.9026326, 38.9627745], [-74.9024071, 38.9630247], [-74.9021903, 38.9632772], [-74.9017661, 38.9637759], [-74.900874, 38.964892], [-74.9000177, 38.9661204], [-74.8993755, 38.9671297], [-74.8978028, 38.9695795], [-74.897402, 38.9701955], [-74.8969631, 38.97082], [-74.8965372, 38.9714183], [-74.8960694, 38.9720321], [-74.8955607, 38.9726802], [-74.895063, 38.973246], [-74.89456, 38.973834], [-74.893908, 38.974564], [-74.893639, 38.974858], [-74.888614, 38.980358], [-74.88822, 38.980767], [-74.887835, 38.981181], [-74.88746, 38.981601], [-74.887359, 38.981718], [-74.887094, 38.982025], [-74.886738, 38.982454], [-74.886391, 38.982888], [-74.886054, 38.983327], [-74.885727, 38.98377], [-74.88541, 38.984218], [-74.885103, 38.98467], [-74.884912, 38.984963], [-74.884806, 38.985126], [-74.88452, 38.985586], [-74.884279, 38.985988], [-74.8835193, 38.9872853], [-74.881319, 38.991043], [-74.881269, 38.991127], [-74.881208, 38.991232], [-74.879961, 38.993361], [-74.879772, 38.993641], [-74.87959, 38.993925], [-74.879415, 38.994211], [-74.879246, 38.994499], [-74.879195, 38.99459], [-74.879083, 38.99479], [-74.878927, 38.995083], [-74.878777, 38.995377], [-74.878634, 38.995674], [-74.878599, 38.995751], [-74.878498, 38.995973], [-74.878345, 38.99633], [-74.876527, 39.000717], [-74.876357, 39.001087], [-74.876171, 39.001452], [-74.875968, 39.001812], [-74.87575, 39.002166], [-74.875516, 39.002514], [-74.875245, 39.002883], [-74.87522, 39.002915], [-74.875001, 39.003189], [-74.874722, 39.003516], [-74.874428, 39.003835], [-74.87412, 39.004146], [-74.873798, 39.004449], [-74.873463, 39.004742], [-74.873115, 39.005026], [-74.872728, 39.00532], [-74.872607, 39.005406], [-74.872517, 39.00547], [-74.872407, 39.005548], [-74.872023, 39.005803], [-74.871629, 39.006047], [-74.871224, 39.00628], [-74.869777, 39.007193], [-74.869398, 39.007451], [-74.868917, 39.0078], [-74.868682, 39.007979], [-74.868225, 39.008346], [-74.8678032, 39.0087048], [-74.8672664, 39.0092237], [-74.8670069, 39.0094818], [-74.8667578, 39.0097311], [-74.8665839, 39.0099351], [-74.8663886, 39.0101553], [-74.8660876, 39.0105257], [-74.8658643, 39.0107994], [-74.8657049, 39.0110204], [-74.8653887, 39.0114511], [-74.8652025, 39.0116974], [-74.8649979, 39.0119873], [-74.8648255, 39.0122163], [-74.8645359, 39.0126103], [-74.862335, 39.01557], [-74.862017, 39.016005], [-74.861761, 39.01634], [-74.861496, 39.016673], [-74.861225, 39.017001], [-74.860946, 39.017326], [-74.86066, 39.017647], [-74.860366, 39.017964], [-74.859969, 39.018385], [-74.8589467, 39.0194699], [-74.85773, 39.020761], [-74.8565806, 39.021973], [-74.856295, 39.022284], [-74.855905, 39.022711], [-74.855536, 39.023131], [-74.855176, 39.023556], [-74.854826, 39.023986], [-74.854553, 39.024336], [-74.8544859, 39.024421], [-74.8542076, 39.0247869], [-74.854155, 39.02486], [-74.853835, 39.025303], [-74.853524, 39.025751], [-74.853223, 39.026203], [-74.852933, 39.026659], [-74.852653, 39.027119], [-74.852383, 39.027582], [-74.852123, 39.02805], [-74.851874, 39.02852], [-74.851636, 39.028994], [-74.851408, 39.029472], [-74.851191, 39.029952], [-74.850984, 39.030435], [-74.85083, 39.03082], [-74.850789, 39.030921], [-74.850604, 39.031409], [-74.850431, 39.0319], [-74.849826, 39.033673], [-74.849686, 39.034084], [-74.848669, 39.037066], [-74.84857, 39.037354], [-74.848326, 39.038071], [-74.847833, 39.039515], [-74.847754, 39.039746], [-74.847676, 39.03993], [-74.847096, 39.041305], [-74.846571, 39.042548], [-74.846431, 39.042953], [-74.846341, 39.0432128], [-74.8461922, 39.0436429], [-74.845995, 39.044214], [-74.845819, 39.044721], [-74.8448, 39.047671], [-74.8446268, 39.0481414], [-74.844603, 39.048206], [-74.844479, 39.048517], [-74.844347, 39.048827], [-74.844208, 39.049135], [-74.844063, 39.049441], [-74.843911, 39.049745], [-74.843752, 39.050047], [-74.843586, 39.050346], [-74.843519, 39.050465], [-74.841518, 39.053995], [-74.841353, 39.054311], [-74.841204, 39.054565], [-74.841044, 39.054815], [-74.840784, 39.055182], [-74.840597, 39.05542], [-74.840399, 39.055653], [-74.838257, 39.057962], [-74.836752, 39.059584], [-74.836209, 39.060169], [-74.835404, 39.061115], [-74.8345081, 39.0621509], [-74.8340846, 39.0626056], [-74.833518, 39.0631913], [-74.8327171, 39.0640236], [-74.8319608, 39.0648275], [-74.8311161, 39.0657177], [-74.8302612, 39.0666111], [-74.8299818, 39.0669033], [-74.8285902, 39.0683763], [-74.8271614, 39.0698782], [-74.8266827, 39.0703838], [-74.8263566, 39.0707431], [-74.826122, 39.071003], [-74.825743, 39.071417], [-74.825393, 39.071813], [-74.82517, 39.072076], [-74.8247728, 39.0725638], [-74.824399, 39.073028], [-74.823859, 39.073749], [-74.823179, 39.074666], [-74.822876, 39.075074], [-74.822502, 39.075578], [-74.822233, 39.075941], [-74.8220827, 39.0761433], [-74.8219075, 39.0763789], [-74.82179, 39.076537], [-74.8207103, 39.0779903], [-74.820524, 39.078241], [-74.819909, 39.079069], [-74.8190133, 39.0802742], [-74.81885, 39.080494], [-74.8186694, 39.0807375], [-74.817895, 39.081782], [-74.816941, 39.083071], [-74.8154492, 39.0850874], [-74.8150943, 39.0855555], [-74.8142735, 39.0866589], [-74.813835, 39.087307], [-74.8131714, 39.088315], [-74.813109, 39.088423], [-74.812181, 39.090066], [-74.8119161, 39.0906195], [-74.811397, 39.091704], [-74.811307, 39.091903], [-74.811061, 39.092445], [-74.810786, 39.093013], [-74.810499, 39.093578], [-74.810199, 39.094138], [-74.809883, 39.094699], [-74.809561, 39.095246], [-74.8094408, 39.0954468], [-74.8093264, 39.095629], [-74.8091089, 39.0959757], [-74.808902, 39.0962976], [-74.8086938, 39.0966186], [-74.807405, 39.098346], [-74.807041, 39.098799], [-74.806667, 39.099247], [-74.806283, 39.09969], [-74.806015, 39.0999783], [-74.8056999, 39.100327], [-74.804921, 39.101168], [-74.804646, 39.101441], [-74.804364, 39.101709], [-74.804077, 39.101974], [-74.803783, 39.102235], [-74.803484, 39.102492], [-74.802213, 39.1036088], [-74.801678, 39.104017], [-74.80052, 39.104994], [-74.800046, 39.105394], [-74.79893, 39.106461], [-74.797478, 39.107969], [-74.7973984, 39.1080585], [-74.79575, 39.109803], [-74.79528, 39.110282], [-74.794892, 39.110661], [-74.7944811, 39.1110554], [-74.79409, 39.111404], [-74.793676, 39.111767], [-74.793255, 39.112125], [-74.792826, 39.112477], [-74.792389, 39.112822], [-74.792024, 39.113101], [-74.791944, 39.113162], [-74.791491, 39.113496], [-74.791031, 39.113823], [-74.790564, 39.114145], [-74.79009, 39.11446], [-74.789609, 39.114768], [-74.783251, 39.118468], [-74.782136, 39.119117], [-74.781947, 39.119227], [-74.781392, 39.11954], [-74.780882, 39.119839], [-74.780378, 39.120145], [-74.779881, 39.120457], [-74.779391, 39.120777], [-74.778908, 39.121103], [-74.778433, 39.121435], [-74.777966, 39.121774], [-74.777505, 39.122119], [-74.7770507, 39.1224638], [-74.7765307, 39.1228721], [-74.776109, 39.1232334], [-74.775679, 39.1236087], [-74.775271, 39.12399], [-74.774784, 39.124467], [-74.774508, 39.124735], [-74.774133, 39.125116], [-74.773766, 39.125502], [-74.773407, 39.125892], [-74.772936, 39.1264347], [-74.7728216, 39.1265798], [-74.7710896, 39.1288374], [-74.7709139, 39.1291077], [-74.7700519, 39.1304336], [-74.770025, 39.130472], [-74.7694185, 39.1314083], [-74.769271, 39.131636], [-74.768664, 39.132573], [-74.766002, 39.135873], [-74.765199, 39.136845], [-74.761678, 39.141977], [-74.760764, 39.14331], [-74.760352, 39.143837], [-74.760002, 39.144265], [-74.759643, 39.144688], [-74.759274, 39.145106], [-74.758896, 39.145519], [-74.758509, 39.145927], [-74.758112, 39.14633], [-74.757707, 39.146727], [-74.757293, 39.147118], [-74.75687, 39.147504], [-74.756439, 39.147884], [-74.755999, 39.148258], [-74.755531, 39.148641], [-74.755139, 39.148949], [-74.754741, 39.149252], [-74.754335, 39.14955], [-74.753923, 39.149842], [-74.753504, 39.150128], [-74.753079, 39.150409], [-74.751662, 39.151328], [-74.750894, 39.151826], [-74.750002, 39.152422], [-74.749124, 39.153029], [-74.7483698, 39.1536062], [-74.74782, 39.154027], [-74.746101, 39.155513], [-74.745659, 39.155922], [-74.745357, 39.156213], [-74.745062, 39.156508], [-74.744773, 39.156807], [-74.744492, 39.15711], [-74.744217, 39.157417], [-74.743949, 39.157728], [-74.743688, 39.158042], [-74.740128, 39.162413], [-74.739882, 39.162708], [-74.739628, 39.162999], [-74.739369, 39.163286], [-74.739103, 39.16357], [-74.73883, 39.16385], [-74.738552, 39.164127], [-74.738267, 39.1644], [-74.737976, 39.164668], [-74.733912, 39.168358], [-74.73376, 39.168496], [-74.732151, 39.169957], [-74.731857, 39.170239], [-74.731612, 39.170491], [-74.731379, 39.17075], [-74.731163, 39.171008], [-74.730526, 39.171771], [-74.730286, 39.1720585], [-74.730031, 39.172365], [-74.729406, 39.173114], [-74.729184, 39.173412], [-74.728679, 39.174087], [-74.727747, 39.175462], [-74.726923, 39.176763], [-74.725939, 39.178297], [-74.7253233, 39.1792747], [-74.7250167, 39.1798004], [-74.7247844, 39.180178], [-74.724487, 39.180581], [-74.724225, 39.180979], [-74.723954, 39.181373], [-74.723675, 39.181764], [-74.723386, 39.182151], [-74.723089, 39.182534], [-74.722783, 39.182912], [-74.722469, 39.183287], [-74.722224, 39.183568], [-74.722147, 39.183657], [-74.721816, 39.184023], [-74.721477, 39.184384], [-74.72113, 39.184741], [-74.720776, 39.185092], [-74.720413, 39.185439], [-74.720042, 39.185781], [-74.719664, 39.186118], [-74.719279, 39.18645], [-74.718886, 39.186776], [-74.718486, 39.187097], [-74.717376, 39.187972], [-74.714344, 39.190334], [-74.7127279, 39.1916132], [-74.7122472, 39.1919816], [-74.711941, 39.1922195], [-74.7115325, 39.1925383], [-74.7111265, 39.1928855], [-74.7106269, 39.1933056], [-74.7102561, 39.1936305], [-74.7100408, 39.193819], [-74.7093935, 39.1943963], [-74.7090824, 39.1946815], [-74.708264, 39.195462], [-74.708212, 39.195515], [-74.707656, 39.196074], [-74.705444, 39.19834], [-74.704986, 39.198809], [-74.7024568, 39.201403], [-74.7021785, 39.20169], [-74.700884, 39.2030077], [-74.7001502, 39.203751], [-74.6996576, 39.2042883], [-74.699156, 39.2048562], [-74.698411, 39.205703], [-74.69768, 39.206643], [-74.69541, 39.209684], [-74.695167, 39.209992], [-74.694916, 39.210297], [-74.69466, 39.210598], [-74.694396, 39.210896], [-74.694126, 39.21119], [-74.693849, 39.21148], [-74.693565, 39.211767], [-74.693276, 39.21205], [-74.69298, 39.212329], [-74.692779, 39.212511], [-74.692677, 39.212603], [-74.692369, 39.212874], [-74.692177, 39.2130376], [-74.691482, 39.213618], [-74.690859, 39.214106], [-74.689973, 39.214746], [-74.688971, 39.215402], [-74.685656, 39.217498], [-74.684841, 39.21804], [-74.68448, 39.218291], [-74.684124, 39.218548], [-74.683774, 39.218809], [-74.683429, 39.219075], [-74.683091, 39.219345], [-74.682759, 39.21962], [-74.682565, 39.219786], [-74.682433, 39.2199], [-74.682114, 39.220184], [-74.6818, 39.220472], [-74.681494, 39.220764], [-74.681194, 39.221061], [-74.6809, 39.221361], [-74.680614, 39.221665], [-74.680334, 39.221974], [-74.680061, 39.222286], [-74.679796, 39.222602], [-74.679537, 39.222921], [-74.679286, 39.223244], [-74.679186, 39.223378], [-74.679041, 39.22357], [-74.678805, 39.223899], [-74.678575, 39.224231], [-74.678317, 39.224623], [-74.675952, 39.228305], [-74.675545, 39.22891], [-74.674926, 39.229811], [-74.674326, 39.230608], [-74.673897, 39.2311221], [-74.673721, 39.231333], [-74.673323, 39.231803], [-74.672704, 39.232447], [-74.672057, 39.233108], [-74.672036, 39.233129], [-74.671466, 39.233673], [-74.6711194, 39.2339796], [-74.670946, 39.234133], [-74.670076, 39.234873], [-74.6684438, 39.2361444], [-74.6681154, 39.2363866], [-74.666157, 39.2379], [-74.665291, 39.238621], [-74.664739, 39.239119], [-74.664033, 39.239781], [-74.66393, 39.239888], [-74.663643, 39.240183], [-74.663513, 39.240325], [-74.662891, 39.241005], [-74.662449, 39.241462], [-74.661862, 39.242179], [-74.66091, 39.24358], [-74.65898, 39.24642], [-74.65829, 39.247356], [-74.657603, 39.248216], [-74.656652, 39.249344], [-74.656086, 39.249969], [-74.655492, 39.250602], [-74.654903, 39.251206], [-74.654313, 39.25179], [-74.65313, 39.252886], [-74.652968, 39.25303], [-74.652465, 39.253478], [-74.651793, 39.254024], [-74.651083, 39.25461], [-74.650836, 39.254807], [-74.6494229, 39.2559363], [-74.647804, 39.25723], [-74.646415, 39.258379], [-74.645941, 39.25882], [-74.645636, 39.25913], [-74.645427, 39.259341], [-74.64487, 39.259956], [-74.644391, 39.260515], [-74.643862, 39.261224], [-74.643366, 39.26195], [-74.6430592, 39.2624348], [-74.642925, 39.262647], [-74.642156, 39.263814], [-74.641274, 39.265184], [-74.641158, 39.265364], [-74.640755, 39.266015], [-74.6405069, 39.2663726], [-74.640415, 39.266505], [-74.6403466, 39.2666068], [-74.640261, 39.266734], [-74.639645, 39.267652], [-74.639356, 39.268031], [-74.638981, 39.268506], [-74.638706, 39.268819], [-74.638565, 39.26898], [-74.638007, 39.269565], [-74.637536, 39.27002], [-74.636766, 39.270719], [-74.636181, 39.271186], [-74.635969, 39.271344], [-74.635512, 39.271686], [-74.634781, 39.272184], [-74.633911, 39.272757], [-74.633644, 39.272933], [-74.633221, 39.273215], [-74.632595, 39.273633], [-74.632434, 39.273754], [-74.631835, 39.274202], [-74.631137, 39.274804], [-74.630595, 39.27531], [-74.63014, 39.275797], [-74.629776, 39.276204], [-74.629286, 39.27682], [-74.628936, 39.277317], [-74.628575, 39.277865], [-74.628246, 39.278445], [-74.628049, 39.278835], [-74.627846, 39.279265], [-74.627674, 39.27965], [-74.627536, 39.280039], [-74.627333, 39.280633], [-74.6266127, 39.282933], [-74.6264145, 39.2835956], [-74.6263783, 39.2837167], [-74.6262751, 39.2840122], [-74.6260162, 39.2848003], [-74.6259992, 39.2848611], [-74.6257705, 39.2856781], [-74.6256905, 39.2859168], [-74.6254545, 39.2865575], [-74.6249607, 39.2878128], [-74.6207026, 39.2978239], [-74.6191464, 39.3015286], [-74.6190793, 39.3017129], [-74.6189679, 39.3020005], [-74.6188578, 39.3023197], [-74.6187792, 39.3025636], [-74.6186795, 39.3029113], [-74.6185129, 39.3035829], [-74.6184044, 39.304016], [-74.6182949, 39.3045802], [-74.6182237, 39.3050881], [-74.6181935, 39.305864], [-74.6182699, 39.3067454], [-74.6183197, 39.3069891], [-74.6184808, 39.3078124], [-74.6185626, 39.3080013], [-74.6188098, 39.3085383], [-74.6188827, 39.3086953], [-74.6190521, 39.3090597], [-74.6195688, 39.3102721], [-74.6201961, 39.3117332], [-74.6206748, 39.3128871], [-74.6208106, 39.3132832], [-74.6209592, 39.3138045], [-74.6210703, 39.3143187], [-74.6211441, 39.3146231], [-74.621195, 39.315227], [-74.621207, 39.315572], [-74.621197, 39.316372], [-74.621075, 39.317185], [-74.620984, 39.317625], [-74.6209, 39.317983], [-74.620684, 39.318673], [-74.620493, 39.319219], [-74.620218, 39.319891], [-74.61991, 39.320538], [-74.619665, 39.321], [-74.619286, 39.321671], [-74.618871, 39.322313], [-74.618393, 39.322976], [-74.6180601, 39.3234046], [-74.6178877, 39.3236145], [-74.6177068, 39.3238255], [-74.6173326, 39.3242426], [-74.6171158, 39.3244699], [-74.6169251, 39.3246733], [-74.6165085, 39.3250872], [-74.616073, 39.3254958], [-74.6156884, 39.3258334], [-74.6154503, 39.3260344], [-74.6138164, 39.3274142], [-74.613549, 39.32764], [-74.6114598, 39.3294391], [-74.611079, 39.329767], [-74.610627, 39.330177], [-74.610034, 39.330769], [-74.609634, 39.331207], [-74.609536, 39.331332], [-74.609127, 39.331851], [-74.608819, 39.33229], [-74.608479, 39.332823], [-74.608175, 39.333348], [-74.607999, 39.333702], [-74.607669, 39.334469], [-74.60747, 39.334965], [-74.607307, 39.335369], [-74.607287, 39.335419], [-74.607184, 39.335664], [-74.6070303, 39.3361103], [-74.606444, 39.337474], [-74.605846, 39.338662], [-74.6055892, 39.3391419], [-74.6053199, 39.3395973], [-74.6050277, 39.3400507], [-74.6046943, 39.3405406], [-74.6042739, 39.3411056], [-74.603826, 39.3416602], [-74.6032861, 39.342313], [-74.6026237, 39.3430999], [-74.6024537, 39.3433081], [-74.601863, 39.344011], [-74.6009038, 39.3451579], [-74.600728, 39.345368], [-74.600373, 39.34584], [-74.599987, 39.346436], [-74.599546, 39.34729], [-74.599375, 39.347682], [-74.5990995, 39.3483319], [-74.5989586, 39.3486672], [-74.598348, 39.35013], [-74.598043, 39.35073], [-74.597991, 39.350833], [-74.597508, 39.351687], [-74.596989, 39.35251], [-74.59657, 39.353108], [-74.596221, 39.353566], [-74.595847, 39.354014], [-74.59551, 39.354386], [-74.595105, 39.354854], [-74.594418, 39.355555], [-74.593278, 39.356629], [-74.592769, 39.357115], [-74.591922, 39.357915], [-74.590541, 39.359221], [-74.589512, 39.360202], [-74.589212, 39.360521], [-74.588825, 39.360913], [-74.588347, 39.361447], [-74.587979, 39.36189], [-74.587391, 39.362682], [-74.587066, 39.363178], [-74.586582, 39.36396], [-74.586246, 39.364606], [-74.586237, 39.3646233], [-74.586066, 39.364952], [-74.585932, 39.365229], [-74.585542, 39.366179], [-74.585204, 39.36716], [-74.5850498, 39.3677344], [-74.584771, 39.36883], [-74.5846, 39.369502], [-74.584214, 39.37095], [-74.583981, 39.371689], [-74.583767, 39.372304], [-74.583491, 39.373], [-74.583044, 39.374003], [-74.5829623, 39.3741698], [-74.5827179, 39.3746449], [-74.5824372, 39.3751356], [-74.581964, 39.37588], [-74.581265, 39.376935], [-74.580361, 39.378075], [-74.57947, 39.379198], [-74.5793068, 39.3794043], [-74.5790693, 39.3797068], [-74.5784287, 39.380607], [-74.577211, 39.3822], [-74.576322, 39.383398], [-74.5755059, 39.3843316], [-74.5744787, 39.3853464], [-74.573813, 39.385921], [-74.573431, 39.386217], [-74.57174, 39.387525], [-74.56843, 39.3900598], [-74.567146, 39.391114], [-74.565865, 39.392295], [-74.565126, 39.393055], [-74.5647656, 39.3934884], [-74.5642898, 39.3940083], [-74.5639731, 39.3944248], [-74.56376, 39.3946918], [-74.5625659, 39.39636], [-74.5616, 39.3977841], [-74.5615079, 39.39792], [-74.5611733, 39.3984188], [-74.5608493, 39.3988403], [-74.5605184, 39.3993553], [-74.5600661, 39.3999754], [-74.5597776, 39.4003854], [-74.5592408, 39.4011804], [-74.5590321, 39.4014737], [-74.558875, 39.4016866], [-74.5587423, 39.4018805], [-74.5585811, 39.4021295], [-74.5584174, 39.4024243], [-74.5581499, 39.40291], [-74.5579374, 39.403481], [-74.5576523, 39.4041966], [-74.5574299, 39.4048245], [-74.5573362, 39.4050932], [-74.5572411, 39.405332], [-74.5570605, 39.4058713], [-74.556204, 39.408131], [-74.55583, 39.409094], [-74.555518, 39.409838], [-74.5551156, 39.4108039], [-74.5548642, 39.4114117], [-74.5546494, 39.4118581], [-74.5545659, 39.4120165], [-74.554352, 39.412422], [-74.5538336, 39.413407], [-74.553307, 39.414415], [-74.553229, 39.414539], [-74.55272, 39.415408], [-74.552229, 39.416246], [-74.551232, 39.4178], [-74.550731, 39.418549], [-74.550334, 39.419143], [-74.5501551, 39.4194105], [-74.550049, 39.419569], [-74.5495132, 39.4202823], [-74.5493419, 39.4205089], [-74.548935, 39.421044], [-74.548132, 39.422015], [-74.547488, 39.422806], [-74.547063, 39.423304], [-74.545384, 39.425272], [-74.544842, 39.425934], [-74.544335, 39.426615], [-74.5442437, 39.426747], [-74.543651, 39.427604], [-74.542929, 39.428728], [-74.542171, 39.430107], [-74.541608, 39.431295], [-74.541346, 39.431922], [-74.540993, 39.432835], [-74.540728, 39.43363], [-74.540495, 39.434402], [-74.540306, 39.4352087], [-74.5402328, 39.4354877], [-74.540144, 39.435796], [-74.540027, 39.436409], [-74.540005, 39.43659], [-74.539884, 39.437267], [-74.539771, 39.438278], [-74.539761, 39.438428], [-74.539719, 39.439059], [-74.539707, 39.439432], [-74.539693, 39.439861], [-74.5396866, 39.4400645], [-74.5396472, 39.4413178], [-74.5396408, 39.4415126], [-74.53958, 39.443288], [-74.539563, 39.444299], [-74.5395, 39.444915], [-74.539397, 39.445563], [-74.539311, 39.445938], [-74.539195, 39.446403], [-74.53891, 39.447168], [-74.53874, 39.44755], [-74.538095, 39.448791], [-74.5377788, 39.4493582], [-74.5375937, 39.449698], [-74.5367122, 39.4513533], [-74.5365644, 39.4516308], [-74.5363622, 39.452003], [-74.535817, 39.45303], [-74.535593, 39.453506], [-74.535286, 39.454343], [-74.535032, 39.455174], [-74.53492, 39.455617], [-74.534823, 39.456279], [-74.534734, 39.456828], [-74.534543, 39.458404], [-74.534472, 39.458918], [-74.534314, 39.459772], [-74.534232, 39.460133], [-74.533898, 39.461251], [-74.533657, 39.461888], [-74.533422, 39.46247], [-74.532896, 39.463566], [-74.532533, 39.464327], [-74.5316286, 39.4662334], [-74.5310631, 39.4674254], [-74.53088, 39.467818], [-74.5298405, 39.4705824], [-74.528559, 39.47399], [-74.5284625, 39.4743051], [-74.5283153, 39.4748002], [-74.527868, 39.476073], [-74.527527, 39.477028], [-74.527133, 39.477972], [-74.526739, 39.478799], [-74.526498, 39.479242], [-74.52604, 39.480002], [-74.525496, 39.480829], [-74.524903, 39.481619], [-74.5245871, 39.4820157], [-74.524145, 39.482571], [-74.522419, 39.484695], [-74.521805, 39.485485], [-74.521308, 39.486109], [-74.52055, 39.487152], [-74.519975, 39.488044], [-74.519426, 39.488992], [-74.51902, 39.489803], [-74.518813, 39.490263], [-74.518641, 39.490715], [-74.518429, 39.491334], [-74.518275, 39.491853], [-74.518117, 39.492505], [-74.518036, 39.492901], [-74.517962, 39.493392], [-74.517853, 39.494289], [-74.517828, 39.494922], [-74.517832, 39.495662], [-74.517906, 39.4966663], [-74.518005, 39.497471], [-74.518081, 39.498027], [-74.5181518, 39.4984784], [-74.5182887, 39.4991824], [-74.5185993, 39.500581], [-74.5187367, 39.5011676], [-74.5189175, 39.5019605], [-74.5191374, 39.5029106], [-74.5193737, 39.5039204], [-74.5195464, 39.5047059], [-74.5196783, 39.5056505], [-74.5197038, 39.5058806], [-74.5197534, 39.5066782], [-74.5197744, 39.5075046], [-74.5198001, 39.5087231], [-74.519723, 39.51075], [-74.5196284, 39.5119281], [-74.5194911, 39.5129412], [-74.5193941, 39.5137361], [-74.5192336, 39.5145569], [-74.5190276, 39.5154044], [-74.5187444, 39.5163314], [-74.518444, 39.517126], [-74.5180148, 39.5181059], [-74.5178432, 39.5184833], [-74.5174312, 39.5192315], [-74.5168733, 39.5200724], [-74.5160407, 39.5210788], [-74.5150966, 39.5219262], [-74.51447, 39.5223897], [-74.513895, 39.5228134], [-74.51338, 39.523118], [-74.5124101, 39.5236609], [-74.5116033, 39.5240449], [-74.510805, 39.5243891], [-74.5096635, 39.5247864], [-74.5079984, 39.525369], [-74.5075416, 39.5255309], [-74.5070051, 39.5257358], [-74.5065137, 39.5259422], [-74.5060255, 39.5261552], [-74.5055946, 39.5263566], [-74.5049943, 39.52666], [-74.5042125, 39.5270709], [-74.503621, 39.5274213], [-74.502737, 39.5279642], [-74.5022651, 39.5282945], [-74.5020643, 39.5284301], [-74.5012103, 39.5289899], [-74.5005036, 39.5294691], [-74.4999471, 39.5298653], [-74.4992584, 39.5303759], [-74.4986993, 39.5308256], [-74.4981676, 39.5312847], [-74.4970121, 39.53234], [-74.4958104, 39.5334256], [-74.4948523, 39.5342774], [-74.4942517, 39.5347665], [-74.493596, 39.535246], [-74.4927377, 39.5358286], [-74.4915361, 39.5365898], [-74.4904803, 39.5372517], [-74.4897765, 39.5376688], [-74.4887637, 39.5382248], [-74.4878196, 39.5386219], [-74.4869699, 39.5389397], [-74.4861974, 39.5391912], [-74.4853734, 39.5394427], [-74.4843263, 39.539734], [-74.4831075, 39.5400186], [-74.4819917, 39.5402502], [-74.4807643, 39.5404819], [-74.4793309, 39.5407136], [-74.4777924, 39.5409085], [-74.4775027, 39.5409452], [-74.4764299, 39.5410975], [-74.4755716, 39.5412431], [-74.4745416, 39.5414681], [-74.4735288, 39.5417726], [-74.472722, 39.5421036], [-74.4719495, 39.5424477], [-74.4712629, 39.5428118], [-74.4705247, 39.5432552], [-74.4695634, 39.5439171], [-74.4691217, 39.5443214], [-74.4686174, 39.5447765], [-74.4681775, 39.5453225], [-74.4677806, 39.5457775], [-74.4675016, 39.5461498], [-74.4672334, 39.5465635], [-74.4669884, 39.5469695], [-74.4668456, 39.5472301], [-74.4667069, 39.5474839], [-74.4665885, 39.5477259], [-74.4664653, 39.5480091], [-74.4663745, 39.5482283], [-74.4663114, 39.5483896], [-74.466228, 39.5486136], [-74.4661633, 39.5488243], [-74.466093, 39.5490217], [-74.4660344, 39.5492287], [-74.4659728, 39.549457], [-74.4659245, 39.5496906], [-74.4658011, 39.5501581], [-74.4656402, 39.5507826], [-74.4655489, 39.5510705], [-74.4654632, 39.55137], [-74.4653751, 39.551641], [-74.4652386, 39.5519625], [-74.4651163, 39.5522678], [-74.4649806, 39.5525445], [-74.4648266, 39.5528353], [-74.4645412, 39.5533184], [-74.464332, 39.5536319], [-74.4641089, 39.5539355], [-74.463358, 39.5549202], [-74.463163, 39.55517], [-74.462685, 39.555766], [-74.462394, 39.55614], [-74.462265, 39.556298], [-74.462101, 39.55649], [-74.461937, 39.556692], [-74.461715, 39.556959], [-74.461611, 39.557091], [-74.4614704, 39.5572742], [-74.461061, 39.557808], [-74.460972, 39.557926], [-74.460812, 39.558133], [-74.460652, 39.558344], [-74.460614, 39.558397], [-74.460495, 39.558564], [-74.460342, 39.558784], [-74.460192, 39.559004], [-74.46005, 39.559228], [-74.459914, 39.559458], [-74.459786, 39.559691], [-74.459665, 39.559925], [-74.45955, 39.560163], [-74.459439, 39.560401], [-74.459332, 39.56064], [-74.459231, 39.560882], [-74.459139, 39.561125], [-74.459054, 39.561373], [-74.458975, 39.56162], [-74.458963, 39.561661], [-74.4589, 39.561872], [-74.458834, 39.56212], [-74.458776, 39.562372], [-74.458726, 39.562628], [-74.458683, 39.56288], [-74.45866, 39.56304], [-74.458646, 39.563137], [-74.458612, 39.563389], [-74.458585, 39.563646], [-74.458563, 39.563902], [-74.458548, 39.564155], [-74.458543, 39.564411], [-74.458546, 39.564668], [-74.458558, 39.564925], [-74.45856, 39.564954], [-74.458576, 39.565177], [-74.4586, 39.565434], [-74.458622, 39.565633], [-74.458659, 39.565948], [-74.458713, 39.566383], [-74.458755, 39.566715], [-74.458795, 39.567015], [-74.458855, 39.567481], [-74.458923, 39.567995], [-74.459015, 39.568766], [-74.459047, 39.569027], [-74.45908, 39.569284], [-74.459111, 39.569545], [-74.459137, 39.569807], [-74.459156, 39.570068], [-74.459168, 39.570334], [-74.459177, 39.570595], [-74.459182, 39.570861], [-74.459184, 39.571127], [-74.459181, 39.571397], [-74.459173, 39.571672], [-74.45916, 39.571942], [-74.45914, 39.572213], [-74.459115, 39.572483], [-74.459082, 39.572748], [-74.459045, 39.573019], [-74.459006, 39.573284], [-74.458963, 39.57355], [-74.458871, 39.574086], [-74.458823, 39.574351], [-74.458671, 39.575143], [-74.458619, 39.575409], [-74.458566, 39.575674], [-74.45851, 39.575936], [-74.458453, 39.576197], [-74.4584129, 39.5764548], [-74.4583662, 39.5766965], [-74.4583083, 39.5769348], [-74.458295, 39.5770083], [-74.45814, 39.577493], [-74.458073, 39.577758], [-74.457931, 39.578285], [-74.457784, 39.578811], [-74.457708, 39.579076], [-74.457629, 39.579337], [-74.457546, 39.579598], [-74.457455, 39.579859], [-74.457359, 39.580115], [-74.457309, 39.580234], [-74.457255, 39.580372], [-74.457141, 39.580633], [-74.45702, 39.580884], [-74.456889, 39.581136], [-74.45675, 39.581388], [-74.456602, 39.58163], [-74.456445, 39.581873], [-74.45628, 39.582111], [-74.456109, 39.58234], [-74.45593, 39.582573], [-74.455742, 39.582797], [-74.455545, 39.583026], [-74.45534, 39.583246], [-74.455125, 39.583466], [-74.454904, 39.583686], [-74.454675, 39.583896], [-74.45444, 39.584102], [-74.454195, 39.584299], [-74.453945, 39.584497], [-74.453688, 39.584685], [-74.453424, 39.584868], [-74.453156, 39.585047], [-74.452884, 39.585226], [-74.45261, 39.585409], [-74.452336, 39.585588], [-74.452061, 39.585772], [-74.45179, 39.585955], [-74.451523, 39.586143], [-74.451263, 39.586336], [-74.451008, 39.586528], [-74.450759, 39.58673], [-74.450519, 39.586931], [-74.450288, 39.587137], [-74.450067, 39.587353], [-74.449851, 39.587568], [-74.4491802, 39.5882016], [-74.4489053, 39.5884691], [-74.4485381, 39.5888219], [-74.4482994, 39.5890562], [-74.4480777, 39.589266], [-74.4478083, 39.5895244], [-74.4473972, 39.5899165], [-74.447147, 39.5901582], [-74.4469623, 39.590341], [-74.4467201, 39.5905768], [-74.4465112, 39.5907747], [-74.4462783, 39.5909901], [-74.4460577, 39.5911935], [-74.4458453, 39.5914128], [-74.445638, 39.591611], [-74.4454125, 39.5918197], [-74.4449541, 39.5922494], [-74.4447153, 39.5924742], [-74.4443832, 39.5927842], [-74.4423562, 39.5946666], [-74.4418868, 39.5951091], [-74.4416767, 39.5953084], [-74.44147, 39.5955156], [-74.441267, 39.5957176], [-74.4410726, 39.595924], [-74.4408962, 39.5961283], [-74.4407177, 39.5963352], [-74.440529, 39.5965635], [-74.4403922, 39.5967556], [-74.4402386, 39.5969715], [-74.4400929, 39.5971811], [-74.4399525, 39.5973931], [-74.4398932, 39.5974918], [-74.4398297, 39.5975981], [-74.4397018, 39.5978158], [-74.4395752, 39.5980636], [-74.4394731, 39.5982517], [-74.439399, 39.59847], [-74.439296, 39.598681], [-74.438804, 39.59971], [-74.438715, 39.599913], [-74.438625, 39.600111], [-74.438536, 39.600304], [-74.438443, 39.600497], [-74.43835, 39.600686], [-74.438255, 39.600875], [-74.43806, 39.601243], [-74.437958, 39.601423], [-74.437854, 39.601603], [-74.437643, 39.601953], [-74.437532, 39.602133], [-74.437419, 39.602308], [-74.436837, 39.603152], [-74.436715, 39.603314], [-74.4365645, 39.6034739], [-74.4364457, 39.6036243], [-74.4363148, 39.6037874], [-74.4361846, 39.6039495], [-74.4360646, 39.6040878], [-74.4359349, 39.6042428], [-74.4358099, 39.6043878], [-74.4356827, 39.6045338], [-74.4355276, 39.6047044], [-74.4353713, 39.6048693], [-74.4351084, 39.6051455], [-74.4345754, 39.6056934], [-74.4341643, 39.6061088], [-74.4340123, 39.606262], [-74.4333205, 39.6069703], [-74.4328784, 39.607419], [-74.4324367, 39.6078551], [-74.4319845, 39.6082797], [-74.4315211, 39.6086996], [-74.431183, 39.6089996], [-74.4305829, 39.6095029], [-74.4304208, 39.6096336], [-74.4302643, 39.60976], [-74.4301104, 39.6098827], [-74.4299456, 39.6100066], [-74.4297829, 39.6101295], [-74.4296003, 39.610258], [-74.4292601, 39.6104898], [-74.4289719, 39.6106733], [-74.4287409, 39.6108171], [-74.4285166, 39.6109543], [-74.428084, 39.611223], [-74.4275048, 39.6115656], [-74.4271066, 39.6118011], [-74.4266447, 39.6120775], [-74.4261822, 39.6123489], [-74.4249713, 39.6130349], [-74.4243499, 39.6133803], [-74.4237284, 39.6137169], [-74.4223415, 39.6144591], [-74.4217782, 39.6147615], [-74.4214513, 39.6149162], [-74.420827, 39.615233], [-74.420638, 39.61534], [-74.420027, 39.615661], [-74.419808, 39.615768], [-74.41958, 39.615862], [-74.419347, 39.615969], [-74.41911, 39.616076], [-74.418651, 39.616289], [-74.418355, 39.616423], [-74.418095, 39.616521], [-74.417876, 39.616605], [-74.41765, 39.616703], [-74.417361, 39.616806], [-74.417094, 39.616921], [-74.416861, 39.61701], [-74.416586, 39.617117], [-74.41629, 39.61721], [-74.41596, 39.61733], [-74.415367, 39.617557], [-74.414768, 39.617775], [-74.414127, 39.617992], [-74.413795, 39.618103], [-74.413567, 39.618179], [-74.413292, 39.618272], [-74.413018, 39.618361], [-74.412744, 39.618445], [-74.412472, 39.618534], [-74.412199, 39.618622], [-74.411928, 39.618711], [-74.411658, 39.618795], [-74.411118, 39.618973], [-74.41085, 39.619057], [-74.410581, 39.619146], [-74.410308, 39.619234], [-74.409772, 39.619403], [-74.409508, 39.619492], [-74.409239, 39.619576], [-74.408709, 39.619762], [-74.40845, 39.619856], [-74.408183, 39.619944], [-74.407919, 39.620038], [-74.407574, 39.620159], [-74.407387, 39.620224], [-74.407126, 39.620326], [-74.406868, 39.620438], [-74.406607, 39.620531], [-74.40635, 39.620629], [-74.406092, 39.620731], [-74.405838, 39.620833], [-74.405095, 39.621162], [-74.4041464, 39.6216392], [-74.4037564, 39.6218417], [-74.4034007, 39.6220425], [-74.4004498, 39.6238278], [-74.400047, 39.6240698], [-74.3995954, 39.6243226], [-74.3992314, 39.6245181], [-74.3988618, 39.6247098], [-74.3984551, 39.6249068], [-74.3981222, 39.6250593], [-74.3977461, 39.6252212], [-74.397289, 39.62541], [-74.3969964, 39.6255264], [-74.3943206, 39.6265704], [-74.3938752, 39.626752], [-74.3935375, 39.6268913], [-74.393234, 39.627031], [-74.393025, 39.627129], [-74.39282, 39.627228], [-74.392616, 39.627317], [-74.392406, 39.627419], [-74.392199, 39.627508], [-74.391993, 39.627601], [-74.391791, 39.62769], [-74.391587, 39.627788], [-74.391386, 39.627881], [-74.391189, 39.627988], [-74.390965, 39.6281005], [-74.390774, 39.628216], [-74.390564, 39.628332], [-74.3904336, 39.6284044], [-74.390322, 39.628455], [-74.382733, 39.63315], [-74.382323, 39.633405], [-74.381123, 39.634079], [-74.380755, 39.634291], [-74.380232, 39.63454], [-74.380053, 39.634634], [-74.379931, 39.634686], [-74.379192, 39.635002], [-74.378272, 39.635375], [-74.377338, 39.635759], [-74.376623, 39.636023], [-74.375626, 39.636441], [-74.374592, 39.636834], [-74.373913, 39.637114], [-74.372974, 39.637584], [-74.372236, 39.637986], [-74.37194, 39.638154], [-74.371122, 39.638672], [-74.370263, 39.639264], [-74.369474, 39.639879], [-74.369172, 39.640121], [-74.368013, 39.641014], [-74.36702, 39.641794], [-74.366245, 39.642311], [-74.3655866, 39.642748], [-74.3653026, 39.6429101], [-74.364977, 39.643067], [-74.364411, 39.643355], [-74.363533, 39.643753], [-74.361295, 39.644756], [-74.359587, 39.645574], [-74.358444, 39.646185], [-74.357953, 39.646442], [-74.356249, 39.647411], [-74.355147, 39.648097], [-74.352598, 39.649802], [-74.3505739, 39.6512275], [-74.350345, 39.6513727], [-74.3500771, 39.6515489], [-74.3489872, 39.6521837], [-74.3483226, 39.652539], [-74.3481001, 39.6526591], [-74.3475818, 39.6529129], [-74.3466296, 39.6533559], [-74.3460241, 39.653626], [-74.34525, 39.6539497], [-74.3445897, 39.6542162], [-74.343547, 39.6545997], [-74.3427146, 39.6548855], [-74.341828, 39.6551649], [-74.3413617, 39.6553124], [-74.3409072, 39.6554728], [-74.3388413, 39.656087], [-74.3386489, 39.6561442], [-74.3383015, 39.656249], [-74.3380695, 39.656319], [-74.3371553, 39.6566167], [-74.3363784, 39.6568859], [-74.3354991, 39.6572169], [-74.3348987, 39.6574715], [-74.3343031, 39.6577507], [-74.3340236, 39.6578921], [-74.333963, 39.6579241], [-74.332511, 39.6587219], [-74.3307363, 39.6597189], [-74.3293338, 39.6604958], [-74.3283682, 39.6610091], [-74.3275512, 39.6614306], [-74.3246531, 39.6628784], [-74.3227606, 39.6638657], [-74.3221265, 39.6642123], [-74.3215142, 39.6645689], [-74.3209701, 39.6648915], [-74.3204517, 39.6652122], [-74.3200025, 39.6654986], [-74.3195649, 39.6657964], [-74.3190547, 39.6661826], [-74.3187688, 39.6664147], [-74.3184426, 39.6667], [-74.3181169, 39.6670086], [-74.3178421, 39.6672859], [-74.3175953, 39.6675484], [-74.316997, 39.668171], [-74.316485, 39.668896], [-74.316069, 39.669503], [-74.315283, 39.670685], [-74.314633, 39.671633], [-74.31408, 39.672385], [-74.312968, 39.673699], [-74.312179, 39.674536], [-74.311847, 39.6748641], [-74.3114806, 39.6752157], [-74.31032, 39.676261], [-74.307967, 39.678421], [-74.3070626, 39.6793618], [-74.3067617, 39.679687], [-74.306488, 39.6799824], [-74.3062064, 39.680303], [-74.305409, 39.681256], [-74.305241, 39.681477], [-74.30463, 39.682324], [-74.304197, 39.682944], [-74.303434, 39.684174], [-74.302395, 39.686239], [-74.302137, 39.686717], [-74.30196, 39.687073], [-74.301498, 39.687954], [-74.30125, 39.688443], [-74.300895, 39.689085], [-74.300025, 39.690393], [-74.298721, 39.692164], [-74.298655, 39.692254], [-74.29746, 39.69388], [-74.2961601, 39.6953553], [-74.295978, 39.695562], [-74.295298, 39.696258], [-74.295001, 39.696555], [-74.294403, 39.697151], [-74.293022, 39.698467], [-74.292421, 39.698987], [-74.290999, 39.700224], [-74.290167, 39.700939], [-74.289167, 39.701873], [-74.288589, 39.702442], [-74.287977, 39.703194], [-74.286278, 39.705639], [-74.2858942, 39.706162], [-74.285139, 39.707191], [-74.2847697, 39.7076493], [-74.2845362, 39.7079254], [-74.2842977, 39.708195], [-74.284052, 39.7084612], [-74.2838057, 39.7087253], [-74.2835537, 39.7089853], [-74.2832927, 39.7092417], [-74.2802339, 39.7121463], [-74.280034, 39.7123469], [-74.2798242, 39.7125422], [-74.2796354, 39.712738], [-74.2793828, 39.7130023], [-74.2791378, 39.7132609], [-74.2788966, 39.7135274], [-74.2785552, 39.7139224], [-74.2784361, 39.7140694], [-74.2782105, 39.7143474], [-74.2779902, 39.7146261], [-74.2777807, 39.7149018], [-74.2775711, 39.715181], [-74.2773598, 39.7154674], [-74.2769901, 39.7159689], [-74.275805, 39.717543], [-74.274964, 39.718548], [-74.27416, 39.719445], [-74.272625, 39.721042], [-74.270552, 39.723178], [-74.269668, 39.724235], [-74.268837, 39.725421], [-74.268132, 39.726672], [-74.2674369, 39.7281421], [-74.2672632, 39.7284841], [-74.266353, 39.729943], [-74.2659559, 39.7306256], [-74.265509, 39.731241], [-74.265339, 39.731502], [-74.261976, 39.735759], [-74.261305, 39.736718], [-74.260718, 39.737582], [-74.259886, 39.738989], [-74.259647, 39.739424], [-74.259455, 39.739812], [-74.259018, 39.740731], [-74.258405, 39.742179], [-74.258396, 39.742204], [-74.258218, 39.742666], [-74.2579548, 39.7433344], [-74.257353, 39.744863], [-74.256429, 39.746878], [-74.255938, 39.747801], [-74.255413, 39.748768], [-74.254999, 39.749455], [-74.25444, 39.750404], [-74.2540555, 39.7511735], [-74.2535681, 39.7521487], [-74.2531168, 39.7531108], [-74.252721, 39.753798], [-74.2526473, 39.7539668], [-74.2521196, 39.7553979], [-74.2516315, 39.7569207], [-74.2515816, 39.7570951], [-74.2514212, 39.7578558], [-74.2513349, 39.7584227], [-74.2512783, 39.7586635], [-74.2512493, 39.7587877], [-74.2511889, 39.7590916], [-74.2509953, 39.7601469], [-74.25062, 39.7622914], [-74.250546, 39.762765], [-74.250415, 39.763292], [-74.2503725, 39.7634251], [-74.25011, 39.764246], [-74.249925, 39.764764], [-74.249776, 39.765103], [-74.249496, 39.765695], [-74.249174, 39.766323], [-74.248572, 39.767373], [-74.247534, 39.769234], [-74.247075, 39.770041], [-74.2465279, 39.7709518], [-74.246421, 39.7711532], [-74.2463189, 39.7713403], [-74.2462053, 39.7715268], [-74.2461044, 39.7717033], [-74.2459965, 39.7719015], [-74.2458912, 39.7721038], [-74.2458212, 39.7722529], [-74.2457582, 39.7723981], [-74.2456423, 39.7726975], [-74.2455794, 39.7728761], [-74.245525, 39.7730604], [-74.245428, 39.7734063], [-74.2453297, 39.773902], [-74.2452761, 39.7742335], [-74.2452314, 39.7744698], [-74.2452252, 39.7745134], [-74.2452178, 39.7745514], [-74.2451747, 39.7748051], [-74.2451234, 39.7750669], [-74.2450568, 39.7753208], [-74.2449416, 39.7760375], [-74.2448712, 39.7765978], [-74.2448161, 39.7771557], [-74.244759, 39.777396], [-74.2447, 39.777822], [-74.244413, 39.779514], [-74.244228, 39.780261], [-74.244225, 39.780276], [-74.244182, 39.7805], [-74.243994, 39.781246], [-74.243501, 39.782766], [-74.243371, 39.783094], [-74.243153, 39.783695], [-74.242336, 39.785539], [-74.242061, 39.786158], [-74.241821, 39.786645], [-74.240881, 39.788492], [-74.240061, 39.789895], [-74.23946, 39.79087], [-74.2392626, 39.7912087], [-74.2387578, 39.7920752], [-74.238593, 39.792358], [-74.2372705, 39.7945991], [-74.236902, 39.795164], [-74.2363878, 39.7961741], [-74.236199, 39.796545], [-74.235506, 39.798093], [-74.235428, 39.798289], [-74.235298, 39.798703], [-74.235154, 39.799255], [-74.234518, 39.803066], [-74.234371, 39.803768], [-74.234111, 39.804741], [-74.233613, 39.8062155], [-74.2336, 39.806254], [-74.233514, 39.806483], [-74.233472, 39.806594], [-74.233056, 39.807697], [-74.232697, 39.808649], [-74.231385, 39.81206], [-74.231025, 39.813008], [-74.230403, 39.814662], [-74.230166, 39.815545], [-74.230146, 39.815618], [-74.229903, 39.816329], [-74.229446, 39.818307], [-74.22941, 39.81855], [-74.229362, 39.818874], [-74.229028, 39.821519], [-74.2287754, 39.8233302], [-74.228538, 39.824601], [-74.2284, 39.825272], [-74.22832, 39.825581], [-74.228262, 39.825807], [-74.22822, 39.826019], [-74.22806, 39.826659], [-74.227948, 39.827131], [-74.227578, 39.828411], [-74.226887, 39.830498], [-74.225782, 39.833747], [-74.225513, 39.834578], [-74.225222, 39.835745], [-74.225052, 39.836515], [-74.224903, 39.837395], [-74.224782, 39.838204], [-74.224736, 39.838621], [-74.224633, 39.839551], [-74.224575, 39.840253], [-74.224556, 39.840392], [-74.22452, 39.840919], [-74.224478, 39.841441], [-74.224478, 39.841529], [-74.224457, 39.842024], [-74.224457, 39.842148], [-74.22443, 39.843106], [-74.224387, 39.845657], [-74.2243563, 39.8467587], [-74.224327, 39.849051], [-74.224266, 39.851532], [-74.224241, 39.852101], [-74.224192, 39.852689], [-74.224036, 39.853739], [-74.223971, 39.854124], [-74.223868, 39.854643], [-74.223531, 39.855901], [-74.223459, 39.856107], [-74.223151, 39.856982], [-74.2228442, 39.8577362], [-74.222649, 39.8581989], [-74.2222274, 39.8591038], [-74.2218274, 39.85981], [-74.221161, 39.861072], [-74.221095, 39.861216], [-74.220662, 39.862028], [-74.219921, 39.86342], [-74.219531, 39.86418], [-74.2195134, 39.8642132], [-74.219206, 39.864794], [-74.218707, 39.86584], [-74.218458, 39.86641], [-74.21821, 39.867012], [-74.218157, 39.867147], [-74.218139, 39.867194], [-74.217976, 39.867613], [-74.2171648, 39.8696689], [-74.216939, 39.870231], [-74.216902, 39.870324], [-74.2164798, 39.8713871], [-74.2163497, 39.8717659], [-74.2162337, 39.8720636], [-74.2152168, 39.87466], [-74.2150641, 39.8750406], [-74.2148703, 39.8755286], [-74.2147373, 39.875858], [-74.2144381, 39.8766319], [-74.214301, 39.876961], [-74.214025, 39.877741], [-74.2139405, 39.8780131], [-74.21373, 39.878691], [-74.213499, 39.879585], [-74.213137, 39.881276], [-74.212899, 39.882887], [-74.212833, 39.883425], [-74.212821, 39.883617], [-74.212775, 39.88436], [-74.2127771, 39.8847644], [-74.212774, 39.884939], [-74.2127634, 39.8851027], [-74.212757, 39.885322], [-74.212762, 39.885467], [-74.212833, 39.887237], [-74.2129274, 39.8891259], [-74.2129594, 39.8901799], [-74.212966, 39.8906181], [-74.2129589, 39.8910331], [-74.2129407, 39.8915119], [-74.2129116, 39.8919932], [-74.2128412, 39.8927482], [-74.2128105, 39.8930401], [-74.2127476, 39.8937067], [-74.212534, 39.895858], [-74.212446, 39.89682], [-74.212343, 39.897782], [-74.212264, 39.898726], [-74.212182, 39.900545], [-74.21217, 39.901603], [-74.212189, 39.902201], [-74.2121915, 39.90255], [-74.21223, 39.903484], [-74.21237, 39.905393], [-74.212439, 39.906086], [-74.212465, 39.906346], [-74.212505, 39.907138], [-74.212514, 39.907584], [-74.212519, 39.907935], [-74.2125195, 39.9079771], [-74.2125292, 39.9088007], [-74.212531, 39.908957], [-74.212505, 39.909738], [-74.212493, 39.910112], [-74.2124859, 39.9102188], [-74.21247, 39.910456], [-74.212445, 39.910831], [-74.212343, 39.911997], [-74.212176, 39.913257], [-74.212081, 39.91389], [-74.211896, 39.914816], [-74.211692, 39.915763], [-74.210952, 39.918812], [-74.210083, 39.922387], [-74.209852, 39.923374], [-74.209666, 39.92432], [-74.209561, 39.924909], [-74.209496, 39.92527], [-74.209356, 39.926223], [-74.209207, 39.92753], [-74.209143, 39.928114], [-74.209104, 39.92883], [-74.209099, 39.928939], [-74.209052, 39.929989], [-74.209046, 39.930939], [-74.209079, 39.931886], [-74.209128, 39.932833], [-74.209252, 39.934104], [-74.209278, 39.934325], [-74.209384, 39.935241], [-74.209395, 39.935335], [-74.2094119, 39.9354779], [-74.209437, 39.935691], [-74.209524, 39.936626], [-74.20957, 39.937499], [-74.209566, 39.938059], [-74.209548, 39.938662], [-74.209505, 39.939144], [-74.2094412, 39.9396105], [-74.209355, 39.94024], [-74.209273, 39.940691], [-74.2090172, 39.9419397], [-74.208995, 39.942219], [-74.208935, 39.9425939], [-74.2087737, 39.9434538], [-74.208564, 39.944572], [-74.208336, 39.945808], [-74.208242, 39.946318], [-74.2081637, 39.9467651], [-74.2080916, 39.9471529], [-74.207864, 39.9484536], [-74.2078366, 39.948596], [-74.2078196, 39.9486977], [-74.2078016, 39.948791], [-74.2077034, 39.9493331], [-74.2076677, 39.9495222], [-74.2076075, 39.9498532], [-74.2075597, 39.9501244], [-74.2074342, 39.9508367], [-74.2071874, 39.9521904], [-74.207166, 39.952306], [-74.2069621, 39.9534729], [-74.2066779, 39.9550442], [-74.2065866, 39.9554683], [-74.206555, 39.9556411], [-74.2065414, 39.9557429], [-74.206505, 39.9559665], [-74.2064874, 39.9561296], [-74.2064605, 39.956358], [-74.206444, 39.9565055], [-74.2064355, 39.9566539], [-74.2064256, 39.9568487], [-74.2063825, 39.9572294], [-74.2063485, 39.9576697], [-74.2063092, 39.9586098], [-74.2063034, 39.9587899], [-74.2063027, 39.9589318], [-74.2063015, 39.9590902], [-74.2063006, 39.959226], [-74.2063014, 39.9594478], [-74.2063043, 39.9597655], [-74.2063128, 39.9599672], [-74.206315, 39.9601457], [-74.2063228, 39.9603075], [-74.2063313, 39.9604622], [-74.2063466, 39.9607085], [-74.2063477, 39.9609178], [-74.2063585, 39.9611614], [-74.2064061, 39.9616491], [-74.2064335, 39.9619062], [-74.206479, 39.9622866], [-74.2065604, 39.9628403], [-74.2066471, 39.9633424], [-74.2066889, 39.9635548], [-74.206726, 39.963784], [-74.2068174, 39.9641844], [-74.2070023, 39.9650099], [-74.207049, 39.9651805], [-74.2070874, 39.9653197], [-74.2071361, 39.9655083], [-74.2071682, 39.9656152], [-74.2073614, 39.966272], [-74.207474, 39.9666238], [-74.2075266, 39.966787], [-74.2075735, 39.9669174], [-74.2076285, 39.9670892], [-74.2077336, 39.9673725], [-74.2079888, 39.9680358], [-74.208043, 39.968174], [-74.2081407, 39.9684146], [-74.2081929, 39.9685486], [-74.2082366, 39.9686444], [-74.2082798, 39.9687474], [-74.20834, 39.9688858], [-74.208775, 39.969878], [-74.20927, 39.970988], [-74.2100315, 39.972724], [-74.2110372, 39.9750152], [-74.2117842, 39.9767191], [-74.2127234, 39.9788596], [-74.2129224, 39.9793181], [-74.2133178, 39.9802227], [-74.2133934, 39.9804203], [-74.2134459, 39.980582], [-74.2134862, 39.9807161], [-74.2135409, 39.9809744], [-74.2135883, 39.9813227], [-74.2136139, 39.9815846], [-74.2136287, 39.9818382], [-74.2136287, 39.9821223], [-74.2136126, 39.9823791], [-74.2135752, 39.9826539], [-74.2134781, 39.9830627], [-74.2134357, 39.9832424], [-74.2133505, 39.9834714], [-74.2131965, 39.9838276], [-74.2130423, 39.9841266], [-74.2129546, 39.9842962], [-74.212822, 39.9845196], [-74.2125781, 39.9849426], [-74.212462, 39.9851382], [-74.2117731, 39.9862461], [-74.2115581, 39.98665], [-74.211491, 39.9867911], [-74.2113689, 39.9870592], [-74.2112571, 39.9873574], [-74.2109644, 39.9882031], [-74.210685, 39.9890722], [-74.2106059, 39.9893053], [-74.210504, 39.9895577], [-74.2103836, 39.9898687], [-74.2102567, 39.990196], [-74.2100266, 39.9906496], [-74.2096771, 39.9912954], [-74.209136, 39.9922674], [-74.2089737, 39.9925787], [-74.208165, 39.994184], [-74.208018, 39.994458], [-74.2078733, 39.9947263], [-74.207854, 39.994762], [-74.207678, 39.995091], [-74.2071151, 39.9963604], [-74.2069966, 39.9966161], [-74.2069803, 39.996651], [-74.206961, 39.9966917], [-74.2066701, 39.9972501], [-74.2065166, 39.9975251], [-74.20573, 39.998567], [-74.20508, 39.999506], [-74.204737, 40], [-74.204329, 40.000491], [-74.203723, 40.001195], [-74.203333, 40.001599], [-74.202722, 40.002198], [-74.2024476, 40.0024589], [-74.202356, 40.002546], [-74.201568, 40.003199], [-74.201293, 40.003426], [-74.200818, 40.003781], [-74.199932, 40.004411], [-74.1989711, 40.0050107], [-74.198163, 40.005475], [-74.197915, 40.005603], [-74.196454, 40.006357], [-74.196137, 40.006524], [-74.194746, 40.007255], [-74.194048, 40.007633], [-74.19358, 40.007898], [-74.192928, 40.008295], [-74.192282, 40.008721], [-74.191579, 40.009209], [-74.19142, 40.009329], [-74.190744, 40.009845], [-74.190357, 40.010171], [-74.189369, 40.011111], [-74.188786, 40.011701], [-74.18848, 40.012051], [-74.188205, 40.012389], [-74.188024, 40.012612], [-74.187501, 40.013296], [-74.187159, 40.013817], [-74.186941, 40.014176], [-74.186749, 40.014491], [-74.186472, 40.015021], [-74.186292, 40.015388], [-74.185969, 40.016068], [-74.185841, 40.016363], [-74.185575, 40.017095], [-74.185388, 40.017753], [-74.1853, 40.018065], [-74.185101, 40.019015], [-74.184935, 40.019966], [-74.184744, 40.021162], [-74.184729, 40.021243], [-74.184437, 40.02283], [-74.184278, 40.023774], [-74.184275, 40.023792], [-74.184208, 40.024272], [-74.1841, 40.025715], [-74.183932, 40.027664], [-74.183837, 40.028619], [-74.183761, 40.029122], [-74.183673, 40.029581], [-74.183401, 40.030727], [-74.183207, 40.031522], [-74.182947, 40.032486], [-74.182918, 40.032593], [-74.182838, 40.032874], [-74.182642, 40.033461], [-74.182443, 40.033985], [-74.18225, 40.034426], [-74.18181, 40.035359], [-74.181316, 40.036273], [-74.181081, 40.036659], [-74.180796, 40.037085], [-74.179992, 40.038193], [-74.178663, 40.040062], [-74.178456, 40.040379], [-74.17836, 40.040544], [-74.177933, 40.041279], [-74.1774586, 40.04206], [-74.1764964, 40.0437356], [-74.175291, 40.045786], [-74.1747069, 40.0466603], [-74.1742196, 40.0473903], [-74.1737306, 40.0480921], [-74.1732641, 40.0487421], [-74.1728418, 40.0492949], [-74.1726395, 40.0495701], [-74.1723723, 40.0499249], [-74.1721769, 40.050175], [-74.1717386, 40.0507228], [-74.1711972, 40.0513775], [-74.1702467, 40.0525198], [-74.1694344, 40.0534931], [-74.1688363, 40.0542047], [-74.168296, 40.0548783], [-74.1678192, 40.0555222], [-74.1671904, 40.0564367], [-74.1665406, 40.0574869], [-74.1660811, 40.0583259], [-74.1656451, 40.0592114], [-74.1653401, 40.0599116], [-74.1650002, 40.0606928], [-74.164198, 40.062501], [-74.163953, 40.063014], [-74.163557, 40.063841], [-74.163082, 40.064676], [-74.162507, 40.065524], [-74.1624265, 40.0656288], [-74.1622055, 40.0659162], [-74.1614846, 40.0668539], [-74.16125, 40.06712], [-74.160833, 40.067635], [-74.1597873, 40.0689429], [-74.1594211, 40.0694102], [-74.1591951, 40.069699], [-74.1589844, 40.0699832], [-74.1586728, 40.0704434], [-74.1582828, 40.0710682], [-74.1580036, 40.0715753], [-74.1577645, 40.0720245], [-74.1575492, 40.0724969], [-74.157392, 40.07286], [-74.1572433, 40.0732311], [-74.157134, 40.0735334], [-74.1569747, 40.0740031], [-74.1568219, 40.074502], [-74.1565955, 40.0753265], [-74.156425, 40.0760537], [-74.1563357, 40.0764316], [-74.1562299, 40.0769198], [-74.156036, 40.077828], [-74.1559988, 40.0779759], [-74.1559026, 40.0783247], [-74.155823, 40.078602], [-74.1557336, 40.0789017], [-74.1556217, 40.0792625], [-74.15558, 40.079397], [-74.155325, 40.080089], [-74.155092, 40.080612], [-74.1548475, 40.0810979], [-74.1546383, 40.0815074], [-74.15448, 40.08181], [-74.154261, 40.0822], [-74.154173, 40.082358], [-74.153757, 40.08304], [-74.1532934, 40.0837211], [-74.1529666, 40.0841618], [-74.152579, 40.084637], [-74.152014, 40.08532], [-74.1505722, 40.0868793], [-74.150271, 40.087205], [-74.149196, 40.088372], [-74.149083, 40.088493], [-74.148975, 40.088609], [-74.14819, 40.089453], [-74.1470116, 40.0907062], [-74.1465897, 40.091194], [-74.1463353, 40.0914806], [-74.1460362, 40.0918541], [-74.1458611, 40.0920705], [-74.1455012, 40.0925534], [-74.1453452, 40.0927779], [-74.1451805, 40.0930212], [-74.1450631, 40.0931967], [-74.1449238, 40.0934078], [-74.1447158, 40.0937348], [-74.1445086, 40.0940809], [-74.144341, 40.094375], [-74.144147, 40.0947089], [-74.1439222, 40.095102], [-74.1437991, 40.0953092], [-74.14314, 40.0964616], [-74.1428444, 40.0969999], [-74.1425995, 40.0974124], [-74.1421406, 40.0982132], [-74.1416501, 40.0989951], [-74.141408, 40.099353], [-74.140872, 40.100054], [-74.140579, 40.100437], [-74.140511, 40.100526], [-74.140321, 40.100738], [-74.139494, 40.10166], [-74.139027, 40.10218], [-74.138546, 40.102792], [-74.138331, 40.103113], [-74.137981, 40.103696], [-74.137609, 40.104388], [-74.137159, 40.105364], [-74.137046, 40.105606], [-74.136154, 40.107514], [-74.135097, 40.109569], [-74.134871, 40.110005], [-74.134091, 40.111361], [-74.133525, 40.112286], [-74.132913, 40.113233], [-74.1325609, 40.1137626], [-74.132443, 40.11394], [-74.131971, 40.114596], [-74.131455, 40.115318], [-74.131088, 40.115832], [-74.130438, 40.116685], [-74.129865, 40.117468], [-74.129704, 40.117697], [-74.129545, 40.117923], [-74.129252, 40.11838], [-74.128899, 40.118973], [-74.128872, 40.119036], [-74.128692, 40.119374], [-74.128548, 40.119663], [-74.1284913, 40.1197909], [-74.128477, 40.119823], [-74.128302, 40.120126], [-74.128222, 40.120297], [-74.128165, 40.120431], [-74.127919, 40.121055], [-74.127676, 40.121785], [-74.12753, 40.122307], [-74.127383, 40.122899], [-74.127247, 40.123485], [-74.127114, 40.123986], [-74.126882, 40.124734], [-74.126717, 40.125172], [-74.1263978, 40.1259609], [-74.126208, 40.126388], [-74.1259761, 40.1268175], [-74.125911, 40.126938], [-74.125252, 40.128015], [-74.125085, 40.128259], [-74.124777, 40.128692], [-74.124569, 40.128946], [-74.124375, 40.129195], [-74.124141, 40.129475], [-74.123827, 40.129841], [-74.1236, 40.130086], [-74.123326, 40.130365], [-74.122784, 40.130904], [-74.122231, 40.131393], [-74.121663, 40.13187], [-74.12118, 40.132244], [-74.120499, 40.132735], [-74.120135, 40.132977], [-74.119323, 40.133499], [-74.118744, 40.13389], [-74.118231, 40.13426], [-74.117736, 40.134599], [-74.117577, 40.134718], [-74.117098, 40.1351242], [-74.116912, 40.135282], [-74.116827, 40.135372], [-74.116711, 40.135517], [-74.116562, 40.135653], [-74.116098, 40.136105], [-74.11575, 40.136466], [-74.11539, 40.136861], [-74.115103, 40.137195], [-74.114547, 40.1379], [-74.1142368, 40.1383256], [-74.114028, 40.138633], [-74.113918, 40.138821], [-74.113692, 40.139184], [-74.113366, 40.139755], [-74.111927, 40.14234], [-74.110923, 40.144155], [-74.110723, 40.144501], [-74.110434, 40.144965], [-74.110167, 40.145365], [-74.108415, 40.147819], [-74.108083, 40.148302], [-74.107762, 40.148788], [-74.107272, 40.149582], [-74.106916, 40.150191], [-74.106556, 40.150869], [-74.106383, 40.151221], [-74.106133, 40.151727], [-74.105877, 40.152295], [-74.105568, 40.153034], [-74.1053761, 40.1535553], [-74.105133, 40.154233], [-74.1048654, 40.1550571], [-74.1045543, 40.1560363], [-74.1043289, 40.156741], [-74.104014, 40.15759], [-74.1039882, 40.1576797], [-74.10367, 40.158784], [-74.103482, 40.159475], [-74.103321, 40.160071], [-74.1031231, 40.1609074], [-74.1030127, 40.1613557], [-74.1027315, 40.1625472], [-74.102506, 40.163601], [-74.102373, 40.16427], [-74.10202, 40.166025], [-74.101781, 40.167169], [-74.10148, 40.168452], [-74.101309, 40.169149], [-74.10116, 40.169756], [-74.10108, 40.170099], [-74.101027, 40.170323], [-74.100871, 40.171013], [-74.100736, 40.171759], [-74.100645, 40.172371], [-74.100589, 40.172938], [-74.10056, 40.173521], [-74.100559, 40.174135], [-74.100594, 40.174922], [-74.1006024, 40.1750354], [-74.100618, 40.175245], [-74.1008793, 40.1776721], [-74.1009327, 40.1782934], [-74.1010225, 40.1792156], [-74.101176, 40.1803751], [-74.101224, 40.180738], [-74.101259, 40.1812868], [-74.101287, 40.181711], [-74.101298, 40.182157], [-74.101299, 40.182635], [-74.101268, 40.184159], [-74.101252, 40.184971], [-74.101204, 40.186228], [-74.10118, 40.18672], [-74.101156, 40.187231], [-74.101062, 40.188817], [-74.100995, 40.189763], [-74.10083, 40.191717], [-74.100697, 40.193117], [-74.100625, 40.19376], [-74.10051, 40.1945154], [-74.1004381, 40.1949804], [-74.100406, 40.1951551], [-74.1003581, 40.1954243], [-74.1002947, 40.1957558], [-74.1002334, 40.1960749], [-74.1001689, 40.1964125], [-74.1000999, 40.1967374], [-74.1000329, 40.1970643], [-74.099966, 40.1973944], [-74.0998978, 40.1977163], [-74.0991348, 40.2014057], [-74.0990679, 40.2017309], [-74.0990032, 40.2020551], [-74.0989381, 40.2023759], [-74.0988705, 40.202705], [-74.0988089, 40.2030318], [-74.0987514, 40.2033609], [-74.0987036, 40.2036806], [-74.0986574, 40.2040203], [-74.0986191, 40.204345], [-74.0985829, 40.204668], [-74.098548, 40.2050016], [-74.0985193, 40.2053335], [-74.0984952, 40.2056565], [-74.0984764, 40.2059871], [-74.0984604, 40.2063142], [-74.09845, 40.2066458], [-74.0984445, 40.2069764], [-74.0984436, 40.2073012], [-74.0984495, 40.2076323], [-74.0984622, 40.2079612], [-74.0984776, 40.2082562], [-74.098493, 40.2085863], [-74.0985124, 40.2089066], [-74.0985279, 40.2092055], [-74.0985515, 40.2095375], [-74.0985831, 40.2098616], [-74.0986169, 40.2101982], [-74.0986563, 40.2105212], [-74.0986906, 40.2108438], [-74.0987314, 40.2111766], [-74.0987705, 40.2115033], [-74.0988107, 40.21184], [-74.0988494, 40.2121659], [-74.0988877, 40.2124879], [-74.0989241, 40.2128258], [-74.0989615, 40.2131492], [-74.0989947, 40.2134846], [-74.0990242, 40.2138093], [-74.0990494, 40.2141364], [-74.0990732, 40.2144327], [-74.0990914, 40.2148046], [-74.0991066, 40.2151306], [-74.099123, 40.2154611], [-74.0991355, 40.2157949], [-74.0991444, 40.2161231], [-74.0991544, 40.2164578], [-74.0991603, 40.2167906], [-74.0991621, 40.2171186], [-74.0991611, 40.2174543], [-74.0991602, 40.217812], [-74.0991487, 40.2182293], [-74.0991377, 40.218575], [-74.0991209, 40.2189023], [-74.0991081, 40.2192287], [-74.0990904, 40.2195569], [-74.0990653, 40.2198959], [-74.0990395, 40.2202261], [-74.0990105, 40.2205653], [-74.0989821, 40.2208834], [-74.0989485, 40.2212163], [-74.0988747, 40.2218857], [-74.0988609, 40.2220043], [-74.0988166, 40.2223302], [-74.0987727, 40.2226575], [-74.0987232, 40.2229851], [-74.0986679, 40.2233193], [-74.0986099, 40.223645], [-74.098543, 40.2239809], [-74.0984773, 40.2243096], [-74.0984053, 40.224632], [-74.0983245, 40.2249629], [-74.0982335, 40.2252807], [-74.0981734, 40.2254796], [-74.0980651, 40.2258225], [-74.0979519, 40.226147], [-74.0978328, 40.2264557], [-74.0977013, 40.226789], [-74.0975691, 40.2271097], [-74.0974258, 40.2274209], [-74.0972794, 40.2277345], [-74.0971246, 40.2280448], [-74.096959, 40.2283668], [-74.0967969, 40.2286673], [-74.0966386, 40.2289587], [-74.0964681, 40.2292685], [-74.096292, 40.2295778], [-74.0961209, 40.2298774], [-74.0959423, 40.2301749], [-74.09576, 40.2304774], [-74.0955697, 40.2307857], [-74.0953817, 40.231084], [-74.095195, 40.2313775], [-74.0949976, 40.2316821], [-74.0948046, 40.231973], [-74.0946028, 40.2322667], [-74.0943967, 40.2325635], [-74.0941858, 40.2328584], [-74.0939795, 40.2331496], [-74.0937691, 40.2334406], [-74.0935551, 40.2337289], [-74.0933407, 40.2340159], [-74.0931201, 40.234298], [-74.0928984, 40.2345847], [-74.0926683, 40.234869], [-74.0924385, 40.2351522], [-74.0922055, 40.2354292], [-74.0919761, 40.2357071], [-74.0917362, 40.2359931], [-74.0914927, 40.236272], [-74.0905889, 40.2372728], [-74.0903352, 40.2375474], [-74.0900838, 40.2378322], [-74.0898505, 40.2381058], [-74.0896055, 40.2383903], [-74.0893749, 40.2386623], [-74.0891399, 40.2389443], [-74.0889169, 40.2392235], [-74.0886791, 40.2395203], [-74.0882109, 40.2401259], [-74.0880598, 40.240329], [-74.0878338, 40.2406396], [-74.0876271, 40.2409218], [-74.0874149, 40.2412224], [-74.087209, 40.2415134], [-74.0870098, 40.2418049], [-74.0868134, 40.2421003], [-74.0866164, 40.2423971], [-74.08643, 40.2426885], [-74.0862367, 40.2429909], [-74.0860506, 40.2432893], [-74.0858641, 40.2435951], [-74.0856773, 40.2438951], [-74.0854985, 40.2441852], [-74.0853062, 40.244488], [-74.0851058, 40.2447952], [-74.0849083, 40.2450832], [-74.0847077, 40.2453808], [-74.0845031, 40.2456737], [-74.0842947, 40.2459675], [-74.0840955, 40.2462568], [-74.0839046, 40.2465577], [-74.0837205, 40.246863], [-74.083545, 40.2471633], [-74.0833785, 40.2474783], [-74.0832368, 40.2477572], [-74.0830789, 40.2480997], [-74.0829443, 40.24841], [-74.0828188, 40.2487281], [-74.0827072, 40.2490479], [-74.0826015, 40.2493688], [-74.0825021, 40.2496936], [-74.0824192, 40.250013], [-74.082389, 40.250439], [-74.0822026, 40.2516188], [-74.0820261, 40.252803], [-74.0819612, 40.2532845], [-74.0818674, 40.253957], [-74.0817949, 40.2546316], [-74.081756, 40.255133], [-74.081722, 40.255986], [-74.081688, 40.25651], [-74.081676, 40.256628], [-74.081635, 40.257049], [-74.08157, 40.257535], [-74.081453, 40.258315], [-74.08137, 40.258732], [-74.081083, 40.25994], [-74.080892, 40.260648], [-74.080661, 40.261398], [-74.080129, 40.263021], [-74.079261, 40.265618], [-74.079147, 40.265999], [-74.079051, 40.266372], [-74.078958, 40.266844], [-74.078913, 40.267145], [-74.078883, 40.267404], [-74.078865, 40.267663], [-74.078855, 40.267954], [-74.078863, 40.268506], [-74.078884, 40.268765], [-74.078944, 40.269247], [-74.079017, 40.26965], [-74.079105, 40.270032], [-74.079198, 40.270362], [-74.079308, 40.270688], [-74.079453, 40.271058], [-74.0796707, 40.2715513], [-74.079822, 40.271894], [-74.08008, 40.272455], [-74.080283, 40.272865], [-74.080598, 40.273459], [-74.080907, 40.274004], [-74.081344, 40.274723], [-74.081776, 40.275381], [-74.082127, 40.275889], [-74.082644, 40.276587], [-74.082965, 40.276981], [-74.083413, 40.2775], [-74.083664, 40.277784], [-74.0842041, 40.2783747], [-74.084666, 40.278876], [-74.084769, 40.278975], [-74.086181, 40.280576], [-74.08643, 40.280846], [-74.086478, 40.280897], [-74.087103, 40.281595], [-74.087459, 40.282005], [-74.087677, 40.282271], [-74.087941, 40.282605], [-74.088205, 40.282954], [-74.089116, 40.284293], [-74.089158, 40.284365], [-74.089535, 40.285016], [-74.089716, 40.285353], [-74.089898, 40.285712], [-74.090204, 40.286368], [-74.090646, 40.287427], [-74.0906748, 40.2875124], [-74.090877, 40.288156], [-74.0909755, 40.2885474], [-74.0910519, 40.2888832], [-74.091133, 40.28924], [-74.091393, 40.290513], [-74.0918235, 40.292648], [-74.092501, 40.296008], [-74.0926408, 40.2966985], [-74.092853, 40.297746], [-74.093417, 40.300499], [-74.093482, 40.300789], [-74.093514, 40.30096], [-74.093617, 40.301502], [-74.0944, 40.305414], [-74.094634, 40.306424], [-74.094784, 40.306996], [-74.094965, 40.307662], [-74.0952412, 40.3085973], [-74.0953848, 40.309025], [-74.0954557, 40.309231], [-74.0957245, 40.3099726], [-74.0960448, 40.3108202], [-74.0963658, 40.3116607], [-74.096696, 40.312493], [-74.0970943, 40.3135503], [-74.0972967, 40.3140716], [-74.0976444, 40.3150269], [-74.097809, 40.315498], [-74.097898, 40.315811], [-74.097992, 40.316139], [-74.098202, 40.317004], [-74.098391, 40.31799], [-74.098519, 40.318748], [-74.098629, 40.319523], [-74.098725, 40.320368], [-74.098799, 40.321287], [-74.09884, 40.322003], [-74.098855, 40.32241], [-74.098864, 40.322851], [-74.098869, 40.323141], [-74.098876, 40.323482], [-74.098873, 40.324536], [-74.098871, 40.324692], [-74.098868, 40.325005], [-74.098866, 40.325134], [-74.0988641, 40.3253107], [-74.098832, 40.328244], [-74.098837, 40.328972], [-74.098869, 40.329609], [-74.098915, 40.330149], [-74.098962, 40.33059], [-74.09904, 40.331172], [-74.099161, 40.331786], [-74.099401, 40.33289], [-74.099561, 40.333541], [-74.099644, 40.333834], [-74.099847, 40.334466], [-74.09998, 40.334835], [-74.100447, 40.335993], [-74.1006651, 40.3365464], [-74.1008784, 40.3369803], [-74.1009736, 40.3371821], [-74.1010688, 40.3373839], [-74.1011704, 40.3375919], [-74.1012778, 40.3377909], [-74.1013877, 40.3379961], [-74.1015031, 40.3381971], [-74.1016157, 40.3383894], [-74.1017371, 40.3385858], [-74.1018694, 40.3387815], [-74.1020093, 40.3389788], [-74.1021482, 40.3391709], [-74.1023, 40.3393558], [-74.102455, 40.3395467], [-74.1026069, 40.3397193], [-74.1027735, 40.3399024], [-74.10295, 40.340084], [-74.1031268, 40.3402575], [-74.1033024, 40.3404196], [-74.1034855, 40.340589], [-74.1036729, 40.34075], [-74.1038668, 40.3409073], [-74.1040677, 40.3410651], [-74.1042626, 40.3412104], [-74.1044739, 40.3413582], [-74.1046863, 40.3415015], [-74.1049043, 40.3416437], [-74.1050161, 40.3417129], [-74.1051363, 40.3417854], [-74.1053713, 40.3419218], [-74.1055941, 40.342047], [-74.1058314, 40.3421716], [-74.1060625, 40.342286], [-74.1062985, 40.3424009], [-74.1065586, 40.3425202], [-74.1068032, 40.3426262], [-74.1070566, 40.3427307], [-74.107315, 40.3428298], [-74.1075764, 40.342926], [-74.107836, 40.3430155], [-74.11034, 40.3438735], [-74.1106114, 40.3439667], [-74.1108922, 40.3440646], [-74.11115, 40.3441633], [-74.1113876, 40.3442626], [-74.1116315, 40.3443715], [-74.1118761, 40.34449], [-74.1120872, 40.3445979], [-74.1123086, 40.3447113], [-74.1125386, 40.3448347], [-74.1127686, 40.3449674], [-74.112995, 40.3451007], [-74.1132169, 40.3452439], [-74.1134383, 40.3453883], [-74.1136512, 40.3455353], [-74.1138542, 40.3456831], [-74.1140524, 40.3458293], [-74.1142852, 40.3460105], [-74.1144689, 40.3461717], [-74.1146689, 40.3463488], [-74.1148935, 40.3465575], [-74.115065, 40.3467254], [-74.1152527, 40.3469141], [-74.1154133, 40.3470876], [-74.1155694, 40.3472673], [-74.1157237, 40.3474572], [-74.115869, 40.3476424], [-74.1160123, 40.3478359], [-74.1161425, 40.3480187], [-74.1162895, 40.3482265], [-74.1164158, 40.3484129], [-74.1176214, 40.3501615], [-74.1177585, 40.3503586], [-74.1178866, 40.3505461], [-74.1180269, 40.3507318], [-74.1181755, 40.3509244], [-74.1183296, 40.3511103], [-74.1184857, 40.3512921], [-74.1186542, 40.3514765], [-74.1188238, 40.3516513], [-74.1190009, 40.3518253], [-74.1191778, 40.3519944], [-74.1193707, 40.352165], [-74.1195629, 40.352329], [-74.1197608, 40.3524911], [-74.1199649, 40.3526493], [-74.1201621, 40.3527931], [-74.1203827, 40.3529478], [-74.1205986, 40.3530894], [-74.1208154, 40.3532297], [-74.1210371, 40.3533624], [-74.1212704, 40.3534959], [-74.1215027, 40.3536234], [-74.1217378, 40.353746], [-74.1219725, 40.3538602], [-74.1222173, 40.3539758], [-74.12247, 40.3540865], [-74.1227241, 40.3541945], [-74.122979, 40.3542958], [-74.1259986, 40.3554678], [-74.1264558, 40.3556456], [-74.129284, 40.356754], [-74.1296609, 40.3569015], [-74.1300497, 40.3570552], [-74.1304297, 40.3572085], [-74.1308069, 40.3573678], [-74.1311851, 40.3575337], [-74.1315531, 40.3577049], [-74.1319196, 40.35788], [-74.1322772, 40.3580581], [-74.1326375, 40.3582388], [-74.1329969, 40.3584281], [-74.1333492, 40.3586173], [-74.1336938, 40.3588141], [-74.1340425, 40.359015], [-74.1343753, 40.3592166], [-74.1347071, 40.3594225], [-74.1350366, 40.3596359], [-74.1353642, 40.3598545], [-74.1356858, 40.3600707], [-74.1360036, 40.3602988], [-74.1363147, 40.3605269], [-74.1366258, 40.3607568], [-74.136928, 40.3609865], [-74.137226, 40.3612276], [-74.1375227, 40.3614683], [-74.1378191, 40.3617168], [-74.1381049, 40.3619604], [-74.1383863, 40.3622173], [-74.1386569, 40.3624589], [-74.1389307, 40.3627126], [-74.1392055, 40.3629756], [-74.1394636, 40.3632333], [-74.139725, 40.3634991], [-74.1399767, 40.3637623], [-74.1402259, 40.3640357], [-74.1404708, 40.3643075], [-74.1407118, 40.3645821], [-74.1409455, 40.3648602], [-74.1411719, 40.3651377], [-74.1413969, 40.3654205], [-74.1416112, 40.3657001], [-74.1418285, 40.3659932], [-74.1420401, 40.366286], [-74.1422417, 40.3665752], [-74.1424423, 40.3668757], [-74.1426284, 40.367167], [-74.1428096, 40.3674597], [-74.1430066, 40.367774], [-74.1444986, 40.3702672], [-74.1452752, 40.371567], [-74.1453947, 40.3717658], [-74.1455141, 40.3719625], [-74.1456361, 40.372167], [-74.1457563, 40.3723512], [-74.1458944, 40.3725605], [-74.1460295, 40.3727523], [-74.146164, 40.3729404], [-74.1463136, 40.3731337], [-74.1464625, 40.3733229], [-74.1466125, 40.3735026], [-74.1467802, 40.3736926], [-74.1469386, 40.37387], [-74.1471157, 40.3740562], [-74.1472771, 40.3742218], [-74.1474507, 40.3743958], [-74.1476307, 40.3745764], [-74.1478186, 40.3747547], [-74.1479949, 40.3749175], [-74.1481884, 40.3750891], [-74.1483776, 40.3752551], [-74.1485754, 40.3754146], [-74.1487886, 40.3755813], [-74.1489805, 40.3757252], [-74.1491929, 40.3758789], [-74.1494032, 40.3760267], [-74.1496225, 40.3761742], [-74.1498418, 40.3763141], [-74.1500606, 40.3764512], [-74.1502835, 40.3765877], [-74.1505154, 40.3767265], [-74.150748, 40.376857], [-74.1509822, 40.3769852], [-74.1512201, 40.3771108], [-74.1514592, 40.3772309], [-74.1517034, 40.3773512], [-74.1519596, 40.3774697], [-74.1522515, 40.3776003], [-74.1525038, 40.3777063], [-74.1527605, 40.3778126], [-74.1537742, 40.3782167], [-74.1551099, 40.3787426], [-74.157466, 40.3796728], [-74.1578551, 40.3798276], [-74.1582366, 40.3799738], [-74.158491, 40.3800702], [-74.1588798, 40.3802204], [-74.1592703, 40.3803658], [-74.1596549, 40.3805075], [-74.1600424, 40.380648], [-74.1604373, 40.3807901], [-74.160828, 40.3809271], [-74.1612122, 40.3810584], [-74.1616213, 40.3811981], [-74.1620012, 40.3813244], [-74.1624021, 40.3814554], [-74.1627994, 40.3815848], [-74.1632029, 40.3817116], [-74.1635991, 40.3818348], [-74.163999, 40.3819599], [-74.1643958, 40.3820809], [-74.1647927, 40.382199], [-74.1651988, 40.3823171], [-74.1656101, 40.3824365], [-74.166003, 40.3825471], [-74.16641, 40.3826608], [-74.1668147, 40.3827713], [-74.167221, 40.3828777], [-74.1676285, 40.3829828], [-74.168031, 40.3830864], [-74.1684411, 40.3831874], [-74.1703786, 40.383657], [-74.1710589, 40.383823], [-74.1713978, 40.3839089], [-74.1716702, 40.3839761], [-74.1719536, 40.3840477], [-74.1722295, 40.3841186], [-74.1725053, 40.3841879], [-74.1727651, 40.3842561], [-74.1730495, 40.384339], [-74.1733207, 40.3844215], [-74.1735833, 40.3845045], [-74.1738479, 40.3845941], [-74.1741227, 40.3846974], [-74.1743864, 40.3847986], [-74.1746387, 40.3849037], [-74.174888, 40.3850113], [-74.175154, 40.3851329], [-74.1753914, 40.3852466], [-74.1756307, 40.3853699], [-74.1758768, 40.385503], [-74.1761092, 40.3856318], [-74.1763407, 40.3857703], [-74.1765569, 40.3859046], [-74.1767857, 40.3860562], [-74.1769998, 40.3862045], [-74.1772191, 40.3863625], [-74.1774221, 40.3865166], [-74.1776328, 40.3866831], [-74.1778236, 40.3868457], [-74.1780218, 40.3870187], [-74.1782092, 40.3871898], [-74.1783818, 40.3873598], [-74.1785592, 40.3875406], [-74.1787277, 40.3877182], [-74.178897, 40.3879022], [-74.179057, 40.3880902], [-74.1791965, 40.388254], [-74.1793277, 40.3884205], [-74.1795641, 40.3887436], [-74.1824138, 40.3927412], [-74.182552, 40.3929316], [-74.1826939, 40.393124], [-74.1828398, 40.3933207], [-74.1829793, 40.3935033], [-74.1831312, 40.3936954], [-74.1832711, 40.3938829], [-74.183423, 40.3940765], [-74.1835715, 40.3942657], [-74.1837241, 40.3944561], [-74.1838769, 40.3946421], [-74.1841022, 40.3949104], [-74.1843394, 40.3951892], [-74.1844919, 40.3953706], [-74.1846548, 40.3955533], [-74.1848191, 40.3957333], [-74.1849735, 40.3959113], [-74.1851381, 40.3960883], [-74.1853115, 40.3962721], [-74.1854837, 40.3964523], [-74.1856496, 40.3966177], [-74.1858219, 40.3967893], [-74.186002, 40.396964], [-74.1861928, 40.397143], [-74.1863687, 40.3973076], [-74.1865598, 40.3974821], [-74.18674, 40.3976452], [-74.1869347, 40.3978146], [-74.1871232, 40.3979773], [-74.1873129, 40.3981349], [-74.1875158, 40.3982998], [-74.1877492, 40.3984881], [-74.1879108, 40.3986145], [-74.1881085, 40.3987677], [-74.1883173, 40.3989203], [-74.1885337, 40.3990788], [-74.1887381, 40.3992263], [-74.1889764, 40.3993922], [-74.1891909, 40.3995364], [-74.1893853, 40.3996726], [-74.1895979, 40.3998175], [-74.1898175, 40.3999647], [-74.1900365, 40.4001099], [-74.1902635, 40.4002581], [-74.1904704, 40.4003879], [-74.1906939, 40.4005303], [-74.1909127, 40.400666], [-74.193126, 40.402055], [-74.1935683, 40.4023304], [-74.1937739, 40.4024627], [-74.1939916, 40.4026039], [-74.1942119, 40.4027512], [-74.1944204, 40.402891], [-74.1946251, 40.4030347], [-74.194823, 40.4031763], [-74.1950306, 40.4033279], [-74.1952361, 40.4034816], [-74.1954423, 40.4036378], [-74.1956306, 40.4037861], [-74.195827, 40.4039423], [-74.1960266, 40.4041072], [-74.1962146, 40.4042652], [-74.1964008, 40.4044269], [-74.1965952, 40.4045962], [-74.1967779, 40.4047596], [-74.1969552, 40.4049222], [-74.1970963, 40.405055], [-74.1973032, 40.4052518], [-74.1975614, 40.4055005], [-74.1978162, 40.4057575], [-74.1980673, 40.4060195], [-74.1983151, 40.40629], [-74.1985451, 40.4065461], [-74.1987904, 40.4068249], [-74.1990153, 40.4070932], [-74.1991655, 40.4072767], [-74.1993151, 40.4074632], [-74.1994605, 40.4076445], [-74.1996116, 40.4078367], [-74.1997991, 40.408083], [-74.1999598, 40.4082968], [-74.2000966, 40.4084825], [-74.2002315, 40.408676], [-74.2003693, 40.4088707], [-74.2004985, 40.4090616], [-74.2006204, 40.4092472], [-74.200742, 40.409433], [-74.200873, 40.4096332], [-74.2009926, 40.4098276], [-74.2011159, 40.4100242], [-74.2029057, 40.4129621], [-74.2030245, 40.413152], [-74.2031438, 40.4133394], [-74.2032735, 40.4135274], [-74.2034101, 40.4137217], [-74.2035487, 40.4139044], [-74.2036915, 40.4140908], [-74.203837, 40.4142679], [-74.2039896, 40.4144505], [-74.2041485, 40.4146311], [-74.2043103, 40.4148077], [-74.2044774, 40.414983], [-74.2046435, 40.4151487], [-74.2048189, 40.4153191], [-74.2049983, 40.4154871], [-74.2051861, 40.4156529], [-74.2053734, 40.4158141], [-74.2055628, 40.4159681], [-74.2057605, 40.416123], [-74.2059619, 40.4162718], [-74.2061714, 40.4164216], [-74.2063851, 40.4165646], [-74.2065399, 40.4166683], [-74.2067022, 40.416773], [-74.2069188, 40.4169086], [-74.2071442, 40.4170433], [-74.2080329, 40.4175629], [-74.2090423, 40.4181551], [-74.2096827, 40.4185261], [-74.2102809, 40.4188723], [-74.2116579, 40.419674], [-74.2136216, 40.4208173], [-74.2138359, 40.4209387], [-74.2163618, 40.4224076], [-74.2170314, 40.4227978], [-74.2180574, 40.4233973], [-74.2182863, 40.4235317], [-74.2185142, 40.4236641], [-74.2187377, 40.4237905], [-74.2189773, 40.4239224], [-74.219212, 40.4240511], [-74.219439, 40.4241766], [-74.219681, 40.4243046], [-74.2199233, 40.4244301], [-74.2201598, 40.4245507], [-74.2204041, 40.4246741], [-74.2206398, 40.4247881], [-74.220881, 40.4249031], [-74.2211343, 40.4250195], [-74.2213586, 40.4251225], [-74.2216116, 40.4252362], [-74.2218228, 40.4253285], [-74.2220786, 40.4254377], [-74.2223277, 40.425542], [-74.2225786, 40.4256439], [-74.2233975, 40.4259754], [-74.2261436, 40.4270916], [-74.2263869, 40.4271894], [-74.2266409, 40.4272916], [-74.2269068, 40.4273967], [-74.2271655, 40.4274931], [-74.227428, 40.4275882], [-74.2276892, 40.427674], [-74.2279614, 40.4277556], [-74.2282388, 40.4278329], [-74.2285025, 40.4279014], [-74.2287808, 40.4279678], [-74.229062, 40.4280269], [-74.2293421, 40.4280805], [-74.2296244, 40.4281283], [-74.2299109, 40.4281726], [-74.230194, 40.428212], [-74.2304761, 40.4282407], [-74.2307664, 40.4282641], [-74.2310567, 40.4282824], [-74.2317718, 40.428327], [-74.2326961, 40.4283785], [-74.2371, 40.4286306], [-74.2373837, 40.4286477], [-74.2376656, 40.42867], [-74.2379524, 40.4286948], [-74.238228, 40.4287197], [-74.2385257, 40.4287498], [-74.2388114, 40.4287817], [-74.2391007, 40.4288186], [-74.23939, 40.4288561], [-74.2396625, 40.4288963], [-74.239941, 40.4289381], [-74.2402268, 40.4289831], [-74.2405054, 40.4290297], [-74.2407879, 40.4290773], [-74.2410809, 40.4291304], [-74.2413595, 40.4291843], [-74.2416428, 40.4292399], [-74.2419186, 40.4292989], [-74.2421959, 40.4293624], [-74.242465, 40.4294295], [-74.2427422, 40.4295], [-74.243016, 40.4295768], [-74.2432744, 40.4296555], [-74.2435354, 40.4297369], [-74.2438008, 40.4298251], [-74.244062, 40.4299177], [-74.2443156, 40.4300121], [-74.2445752, 40.4301119], [-74.2448285, 40.4302143], [-74.2450745, 40.4303196], [-74.2453206, 40.4304273], [-74.2455918, 40.4305536], [-74.2458105, 40.4306547], [-74.2460536, 40.4307707], [-74.2462977, 40.4308916], [-74.2465321, 40.4310138], [-74.2467638, 40.4311376], [-74.2469984, 40.4312674], [-74.2472339, 40.4314002], [-74.2474624, 40.431531], [-74.247684, 40.4316641], [-74.2479036, 40.4318015], [-74.2481291, 40.4319444], [-74.248335, 40.4320803], [-74.2485608, 40.4322339], [-74.2492822, 40.4327163], [-74.2497082, 40.4330183], [-74.2515423, 40.4342743], [-74.2517654, 40.4344247], [-74.2519637, 40.4345574], [-74.2521846, 40.4347075], [-74.2523961, 40.4348478], [-74.2525956, 40.4349833], [-74.2528158, 40.4351292], [-74.2530324, 40.4352714], [-74.2532556, 40.435417], [-74.2534737, 40.4355552], [-74.2536994, 40.4356995], [-74.2539122, 40.4358329], [-74.2541321, 40.4359695], [-74.2544724, 40.4361776], [-74.2546987, 40.4363166], [-74.2549146, 40.4364472], [-74.2551442, 40.4365853], [-74.2553617, 40.436711], [-74.2555856, 40.4368406], [-74.255823, 40.4369791], [-74.2560568, 40.4371138], [-74.2562738, 40.4372371], [-74.2565066, 40.4373692], [-74.2567424, 40.4374994], [-74.2569729, 40.4376269], [-74.2571988, 40.4377495], [-74.2574393, 40.4378829], [-74.2576682, 40.4380058], [-74.2579186, 40.4381397], [-74.2593563, 40.4388906], [-74.2597596, 40.4391032], [-74.2621283, 40.440347], [-74.2623687, 40.4404727], [-74.2626178, 40.440609], [-74.2628236, 40.4407233], [-74.263057, 40.4408533], [-74.2632885, 40.4409877], [-74.2635132, 40.4411193], [-74.2637432, 40.441258], [-74.2639608, 40.4413924], [-74.264177, 40.4415256], [-74.264393, 40.441665], [-74.2646258, 40.4418136], [-74.2648374, 40.4419567], [-74.2650273, 40.4420859], [-74.2652365, 40.4422362], [-74.2654331, 40.4423781], [-74.265645, 40.4425396], [-74.2658353, 40.4426934], [-74.2660291, 40.4428535], [-74.2662192, 40.4430202], [-74.2664008, 40.4431929], [-74.2665751, 40.4433605], [-74.2667404, 40.4435306], [-74.2669122, 40.4437126], [-74.2670677, 40.4438885], [-74.2672236, 40.4440755], [-74.2673713, 40.4442629], [-74.2675067, 40.4444509], [-74.2676388, 40.4446407], [-74.2677688, 40.4448365], [-74.2678961, 40.445035], [-74.2680163, 40.4452323], [-74.2681373, 40.4454297], [-74.2682526, 40.4456266], [-74.268364, 40.445837], [-74.2684763, 40.4460544], [-74.2685763, 40.4462591], [-74.2686809, 40.4464658], [-74.2696491, 40.4484271], [-74.2697559, 40.4486321], [-74.2698647, 40.4488321], [-74.2699714, 40.4490309], [-74.2700803, 40.4492279], [-74.2702108, 40.449452], [-74.2703224, 40.449644], [-74.2704398, 40.4498378], [-74.2705668, 40.4500484], [-74.2706885, 40.4502413], [-74.2708199, 40.4504388], [-74.2709513, 40.4506307], [-74.2710879, 40.4508264], [-74.2712175, 40.4510085], [-74.2713532, 40.451191], [-74.2714994, 40.4513821], [-74.2716372, 40.4515657], [-74.2717848, 40.4517561], [-74.2719316, 40.4519459], [-74.2720794, 40.4521323], [-74.2732785, 40.4536122], [-74.2738255, 40.454265], [-74.2747562, 40.4553373], [-74.274918, 40.4555229], [-74.2750741, 40.455698], [-74.2752395, 40.4558818], [-74.275397, 40.456059], [-74.2755618, 40.4562397], [-74.2757268, 40.4564183], [-74.2758924, 40.4565954], [-74.2760647, 40.4567769], [-74.2762325, 40.4569497], [-74.2764093, 40.457129], [-74.2765862, 40.4573053], [-74.2767577, 40.4574757], [-74.2769412, 40.4576534], [-74.2771165, 40.4578203], [-74.2772922, 40.4579887], [-74.2774785, 40.4581594], [-74.2776698, 40.4583328], [-74.2778547, 40.4584981], [-74.2780399, 40.458658], [-74.2782292, 40.4588224], [-74.2784213, 40.458986], [-74.2786198, 40.4591485], [-74.2788127, 40.4593064], [-74.2790123, 40.4594668], [-74.2792146, 40.4596254], [-74.2794117, 40.4597777], [-74.2796196, 40.459936], [-74.2798232, 40.4600861], [-74.280028, 40.4602351], [-74.2802379, 40.4603847], [-74.2804482, 40.4605337], [-74.2806639, 40.460683], [-74.2809076, 40.4608513], [-74.2812162, 40.461051], [-74.2814474, 40.4612008], [-74.2816634, 40.4613343], [-74.2818769, 40.4614549], [-74.2821191, 40.461592], [-74.2823546, 40.4617147], [-74.2826001, 40.4618329], [-74.2828394, 40.46194], [-74.2830913, 40.4620477], [-74.2833497, 40.4621538], [-74.2836231, 40.4622628], [-74.2856146, 40.4630366], [-74.2858252, 40.4631207], [-74.2860742, 40.4632212], [-74.2863307, 40.463332], [-74.2865707, 40.4634435], [-74.2868231, 40.4635648], [-74.2870608, 40.4636845], [-74.2873018, 40.4638122], [-74.287532, 40.4639395], [-74.2877633, 40.4640714], [-74.2879857, 40.4642117], [-74.2882012, 40.4643481], [-74.2884206, 40.4644962], [-74.288635, 40.4646433], [-74.2888501, 40.4648025], [-74.289049, 40.4649504], [-74.2892505, 40.4651106], [-74.2894534, 40.4652818], [-74.2897624, 40.4655418], [-74.2936867, 40.4689638], [-74.2939525, 40.4691967], [-74.2944112, 40.4695923], [-74.2946039, 40.4697649], [-74.2947902, 40.4699357], [-74.2949708, 40.4700993], [-74.2951618, 40.4702746], [-74.295339, 40.4704427], [-74.2955182, 40.4706129], [-74.2956992, 40.470786], [-74.2958739, 40.4709535], [-74.2961136, 40.4711869], [-74.2963392, 40.4714182], [-74.2965307, 40.4716152], [-74.2967128, 40.4718107], [-74.2968785, 40.4719991], [-74.2970434, 40.4721939], [-74.297221, 40.4724131], [-74.2974138, 40.4726554], [-74.2976016, 40.4728881], [-74.2977528, 40.4730884], [-74.2979061, 40.4732917], [-74.2980883, 40.473551], [-74.2982421, 40.4737746], [-74.2983958, 40.474009], [-74.2988541, 40.4747176], [-74.2989552, 40.4748955], [-74.2990679, 40.475097], [-74.2997388, 40.4763166], [-74.2998544, 40.476531], [-74.2999559, 40.4767288], [-74.3000854, 40.4769964], [-74.3010686, 40.4790193], [-74.301634, 40.4800484], [-74.3019931, 40.4807997], [-74.3022078, 40.4812564], [-74.3024481, 40.4817653], [-74.3025272, 40.4819321], [-74.3026133, 40.48213], [-74.3027028, 40.4823371], [-74.3027877, 40.482542], [-74.3028729, 40.4827481], [-74.3029526, 40.4829563], [-74.3030307, 40.4831677], [-74.3030999, 40.4833726], [-74.3031732, 40.4835856], [-74.3032441, 40.4837981], [-74.3033018, 40.4840052], [-74.3033506, 40.4842228], [-74.3033874, 40.4844241], [-74.3034155, 40.4846339], [-74.3034272, 40.4847831], [-74.3034415, 40.4850209], [-74.3034535, 40.4852638], [-74.3034565, 40.4853326], [-74.3034557, 40.4853739], [-74.3034549, 40.4854125], [-74.3034542, 40.4854994], [-74.3034539, 40.4855428], [-74.3034536, 40.4855863], [-74.3034537, 40.4856265], [-74.3034538, 40.4856668], [-74.3034515, 40.4857471], [-74.3034459, 40.4858566], [-74.3034404, 40.4859683], [-74.3034328, 40.486112], [-74.3034253, 40.4862181], [-74.3034207, 40.4862803], [-74.3034051, 40.4864599], [-74.3033826, 40.4866601], [-74.3033511, 40.486878], [-74.3033265, 40.4869975], [-74.3032963, 40.4871142], [-74.3032257, 40.4873495], [-74.3031376, 40.4876126], [-74.3030558, 40.487847], [-74.3029764, 40.4880571], [-74.302887, 40.4882836], [-74.3028002, 40.4884857], [-74.3027019, 40.4887005], [-74.3026143, 40.4888838], [-74.3023682, 40.4893924], [-74.3021834, 40.48975], [-74.3016781, 40.4906882], [-74.3015089, 40.4911119], [-74.3014357, 40.4913062], [-74.3013599, 40.4915157], [-74.3012966, 40.491699], [-74.3012298, 40.4919158], [-74.3011713, 40.492114], [-74.301116, 40.4923212], [-74.3010629, 40.4925332], [-74.3010148, 40.4927525], [-74.300969, 40.4929807], [-74.3009342, 40.4931896], [-74.300902, 40.4934038], [-74.3008744, 40.4936185], [-74.3008507, 40.4938298], [-74.3008306, 40.4940558], [-74.3008186, 40.4942567], [-74.3008084, 40.4944813], [-74.3008013, 40.4947517], [-74.3008026, 40.4950232], [-74.3008062, 40.4953037], [-74.3008137, 40.4955678], [-74.3008256, 40.49588], [-74.3008465, 40.4961895], [-74.300874, 40.4965197], [-74.3009037, 40.4968338], [-74.3009264, 40.4970499], [-74.3009543, 40.4972663], [-74.3009836, 40.497483], [-74.3010146, 40.4976974], [-74.3010512, 40.4979095], [-74.301089, 40.4981233], [-74.3011298, 40.4983309], [-74.301174, 40.4985524], [-74.3012159, 40.498753], [-74.3012644, 40.4989692], [-74.3013139, 40.4991879], [-74.3015455, 40.5002416], [-74.3015887, 40.5004605], [-74.3016254, 40.5006775], [-74.3016596, 40.5008911], [-74.3016888, 40.5011054], [-74.3017111, 40.5013292], [-74.3017313, 40.5015551], [-74.3017461, 40.5017694], [-74.3017539, 40.5019926], [-74.3017592, 40.5022161], [-74.3017599, 40.5024395], [-74.3017549, 40.5026657], [-74.3017473, 40.5028822], [-74.3017359, 40.5031163], [-74.3017009, 40.5036024], [-74.3011804, 40.5117868], [-74.3011728, 40.5120062], [-74.3011648, 40.5122264], [-74.3011622, 40.5124442], [-74.3011607, 40.5126585], [-74.3011593, 40.5128806], [-74.3011617, 40.5130955], [-74.301168, 40.5133187], [-74.301175, 40.5135354], [-74.3011833, 40.5137558], [-74.301197, 40.5139758], [-74.3012096, 40.5141961], [-74.3012261, 40.5144131], [-74.3012448, 40.5146328], [-74.3012657, 40.5148518], [-74.301288, 40.5150675], [-74.3013102, 40.515285], [-74.3013631, 40.5158995], [-74.3013716, 40.5160743], [-74.3013794, 40.5162935], [-74.3013845, 40.5165112], [-74.301387, 40.5167283], [-74.3013865, 40.5169448], [-74.3013861, 40.5171682], [-74.3013837, 40.5173838], [-74.3013747, 40.5176073], [-74.3013664, 40.5178282], [-74.3013516, 40.5180486], [-74.3013336, 40.5182584], [-74.3013223, 40.5183836], [-74.301311, 40.5184926], [-74.3012297, 40.5191315], [-74.3011062, 40.5201648], [-74.301098, 40.5202394], [-74.3010694, 40.5204547], [-74.3010364, 40.5206566], [-74.301, 40.5208766], [-74.3009782, 40.5209968], [-74.3009195, 40.5212974], [-74.3008701, 40.5215125], [-74.3008149, 40.5217341], [-74.3007559, 40.521953], [-74.3007224, 40.5220708], [-74.30069, 40.5221846], [-74.3006218, 40.5224051], [-74.3005473, 40.522632], [-74.3004684, 40.5228557], [-74.3003834, 40.5230727], [-74.300291, 40.5232919], [-74.2997932, 40.5244214], [-74.2994933, 40.5250393], [-74.2993953, 40.5252594], [-74.2988121, 40.5265766], [-74.298715, 40.5268058], [-74.2986704, 40.5269145], [-74.2986272, 40.5270281], [-74.2985858, 40.5271407], [-74.298547, 40.5272539], [-74.2985107, 40.5273645], [-74.2984764, 40.5274751], [-74.2984453, 40.5275851], [-74.2984177, 40.527692], [-74.2983928, 40.5278071], [-74.2983696, 40.5279211], [-74.2983459, 40.5280395], [-74.2983276, 40.5281501], [-74.2983109, 40.5282628], [-74.2982975, 40.5283807], [-74.2982875, 40.5284965], [-74.2982791, 40.5286075], [-74.2982739, 40.5287209], [-74.2982691, 40.5288289], [-74.2982679, 40.5289477], [-74.2982693, 40.5290561], [-74.2982726, 40.5291226], [-74.2982733, 40.5291666], [-74.298281, 40.5292858], [-74.2982907, 40.529396], [-74.2983015, 40.5294981], [-74.2983141, 40.5295983], [-74.2983298, 40.5297059], [-74.29836, 40.5298794], [-74.2983803, 40.5299915], [-74.2984025, 40.530099], [-74.2984267, 40.5302059], [-74.2984553, 40.5303152], [-74.2984852, 40.5304193], [-74.2985192, 40.5305296], [-74.2985548, 40.5306335], [-74.2985942, 40.5307407], [-74.298634, 40.5308451], [-74.2986754, 40.5309516], [-74.2987172, 40.5310547], [-74.298763, 40.5311601], [-74.2988105, 40.5312616], [-74.2988595, 40.531359], [-74.2989138, 40.5314631], [-74.298971, 40.5315702], [-74.2990257, 40.5316677], [-74.299083, 40.5317669], [-74.2991452, 40.5318654], [-74.2992096, 40.5319638], [-74.2992764, 40.5320642], [-74.2993424, 40.5321589], [-74.2994126, 40.5322561], [-74.2994838, 40.5323519], [-74.2995568, 40.5324468], [-74.2996285, 40.5325365], [-74.2997098, 40.5326331], [-74.2997898, 40.5327249], [-74.2998711, 40.5328161], [-74.2999545, 40.5329048], [-74.3001251, 40.5330761], [-74.3003046, 40.5332494], [-74.3004906, 40.5334138], [-74.3006802, 40.5335782], [-74.3008764, 40.5337383], [-74.3018892, 40.5345762], [-74.3036596, 40.5359833], [-74.3044616, 40.5366274], [-74.3048532, 40.5369454], [-74.305226, 40.5372614], [-74.3056123, 40.5376018], [-74.3059717, 40.5379361], [-74.3064277, 40.5383744], [-74.3066208, 40.5385782], [-74.3070955, 40.5390878], [-74.3073557, 40.5393874], [-74.3076829, 40.5397727], [-74.3079592, 40.5401172], [-74.3083588, 40.5406431], [-74.3089516, 40.5414278], [-74.3097594, 40.5424751], [-74.3108022, 40.5438597], [-74.311138, 40.544206], [-74.3135691, 40.5474642], [-74.3136354, 40.5475531], [-74.3151443, 40.5495407], [-74.3152619, 40.5496956], [-74.3159388, 40.5505873], [-74.3162237, 40.5509771], [-74.3164886, 40.5513638], [-74.3167414, 40.5517536], [-74.3169855, 40.5521489], [-74.3172108, 40.55253], [-74.3173502, 40.552793], [-74.317707, 40.5534227], [-74.3179242, 40.5538283], [-74.3181442, 40.5542358], [-74.3187048, 40.5552324], [-74.3193002, 40.5562859], [-74.3196746, 40.5569204], [-74.3199955, 40.5574873], [-74.3202905, 40.5579838], [-74.3213256, 40.5597899], [-74.3214601, 40.5600299], [-74.3217074, 40.5604608], [-74.3219557, 40.5609006], [-74.322264, 40.5614519], [-74.3224913, 40.5618769], [-74.3227429, 40.5623422], [-74.3230337, 40.562858], [-74.3233124, 40.5633527], [-74.3235895, 40.5638431], [-74.3245645, 40.5655431], [-74.3246817, 40.565738], [-74.3248011, 40.5659372], [-74.324924, 40.5661392], [-74.3251103, 40.5664293], [-74.3253098, 40.5667275], [-74.3254828, 40.5669819], [-74.3255421, 40.5670673], [-74.3257122, 40.5673078], [-74.325848, 40.5674977], [-74.3259913, 40.56769], [-74.3261377, 40.567877], [-74.3262832, 40.5680629], [-74.3264354, 40.5682561], [-74.3283085, 40.5706016], [-74.328453, 40.5707889], [-74.3285979, 40.5709752], [-74.3287439, 40.5711646], [-74.3288883, 40.5713588], [-74.3290339, 40.5715554], [-74.3291703, 40.5717473], [-74.3293012, 40.571942], [-74.3294296, 40.5721359], [-74.3295543, 40.5723324], [-74.3296783, 40.5725332], [-74.3297459, 40.5726505], [-74.3300991, 40.5732863], [-74.3301662, 40.5734153], [-74.3302303, 40.5735547], [-74.330323, 40.573757], [-74.3304172, 40.5739669], [-74.3305039, 40.5741746], [-74.330588, 40.5743793], [-74.3306685, 40.5745908], [-74.3307434, 40.5748044], [-74.3308142, 40.5750144], [-74.3308804, 40.5752309], [-74.330943, 40.5754438], [-74.3310006, 40.5756588], [-74.3310536, 40.5758794], [-74.3311013, 40.5760989], [-74.3311446, 40.5763134], [-74.3311835, 40.5765261], [-74.3312178, 40.5767475], [-74.3312488, 40.5769678], [-74.3312729, 40.5771868], [-74.3312959, 40.5774057], [-74.3313119, 40.5776219], [-74.3313257, 40.5778385], [-74.331341, 40.578226], [-74.3313305, 40.5786175], [-74.331302, 40.5788571], [-74.3312645, 40.5792075], [-74.3311142, 40.580218], [-74.3308782, 40.5813099], [-74.3305349, 40.5823509], [-74.3301382, 40.5832559], [-74.329678, 40.5840619], [-74.3294835, 40.5843756], [-74.3292837, 40.584674], [-74.3292153, 40.5847692], [-74.3287754, 40.5853513], [-74.3284428, 40.5858239], [-74.3258142, 40.5894903], [-74.3247428, 40.5910104], [-74.3229088, 40.5936125], [-74.3186129, 40.5997072], [-74.3180388, 40.600499], [-74.317904, 40.6006635], [-74.3174972, 40.6012257], [-74.3163245, 40.6028702], [-74.316192, 40.6030597], [-74.3160623, 40.6032502], [-74.3159391, 40.6034322], [-74.3158167, 40.6036177], [-74.3156955, 40.6038059], [-74.3155736, 40.6039949], [-74.3154489, 40.6041904], [-74.3153245, 40.6043916], [-74.3152005, 40.6045924], [-74.3150796, 40.604797], [-74.3149592, 40.6049991], [-74.3148417, 40.6052012], [-74.3147245, 40.6054059], [-74.3146125, 40.6056055], [-74.3145041, 40.605819], [-74.3143397, 40.6061163], [-74.3142239, 40.606351], [-74.3141232, 40.6065555], [-74.313924, 40.6069743], [-74.3138276, 40.6071811], [-74.3137328, 40.6073932], [-74.3136409, 40.6076038], [-74.3134804, 40.6079857], [-74.3133799, 40.6082341], [-74.3132942, 40.6084521], [-74.3131765, 40.6087632], [-74.3130982, 40.6089803], [-74.3130199, 40.609198], [-74.3129138, 40.6095152], [-74.3128439, 40.60973], [-74.312776, 40.6099437], [-74.3127127, 40.6101562], [-74.3125877, 40.6105957], [-74.3124725, 40.611022], [-74.3124191, 40.6112412], [-74.3123661, 40.6114558], [-74.3123143, 40.6116771], [-74.3122631, 40.6118973], [-74.3112707, 40.6168334], [-74.3112328, 40.617026], [-74.3111904, 40.61724], [-74.3111437, 40.6174589], [-74.3110928, 40.6176777], [-74.3110419, 40.6178825], [-74.3109839, 40.6181002], [-74.3109234, 40.6183174], [-74.3108575, 40.6185336], [-74.3107921, 40.6187468], [-74.310719, 40.6189633], [-74.3106424, 40.6191789], [-74.3105645, 40.6193788], [-74.3104293, 40.6197167], [-74.3093532, 40.621815], [-74.3092656, 40.6219522], [-74.3091348, 40.6221531], [-74.3090045, 40.6223499], [-74.3088677, 40.6225458], [-74.3087316, 40.6227369], [-74.308587, 40.6229322], [-74.3084417, 40.6231215], [-74.3082933, 40.6233124], [-74.3081405, 40.6234993], [-74.3079866, 40.6236849], [-74.3078241, 40.6238727], [-74.3076636, 40.6240534], [-74.3074984, 40.6242339], [-74.3073346, 40.6244129], [-74.3069836, 40.6247748], [-74.3068101, 40.6249469], [-74.3066304, 40.62512], [-74.3064492, 40.6252886], [-74.3062625, 40.6254569], [-74.305055, 40.626531], [-74.3047031, 40.6268468], [-74.3043028, 40.6272031], [-74.303953, 40.6275152], [-74.3018273, 40.6294111], [-74.3014518, 40.629748], [-74.3004327, 40.6306579], [-74.2991241, 40.6318258], [-74.2989401, 40.6319912], [-74.298747, 40.6321602], [-74.2983643, 40.6324902], [-74.2981724, 40.6326516], [-74.2979743, 40.6328158], [-74.2977779, 40.6329749], [-74.2975769, 40.6331347], [-74.2973788, 40.6332924], [-74.2971732, 40.6334513], [-74.2954295, 40.6347849], [-74.295211, 40.6349527], [-74.2948726, 40.6352127], [-74.2948447, 40.6352376], [-74.2946422, 40.6353966], [-74.2944324, 40.635561], [-74.2942428, 40.635717], [-74.2940466, 40.6358848], [-74.293859, 40.6360491], [-74.2936701, 40.6362181], [-74.2934873, 40.6363881], [-74.2933098, 40.6365576], [-74.2931324, 40.6367318], [-74.2929531, 40.6369133], [-74.2927877, 40.6370899], [-74.2926199, 40.6372712], [-74.2923058, 40.6376269], [-74.2919896, 40.6380011], [-74.2916798, 40.6383736], [-74.2913741, 40.638744], [-74.2912187, 40.6389331], [-74.2910677, 40.6391182], [-74.2905489, 40.6397737], [-74.2904121, 40.6399612], [-74.2903065, 40.6401071], [-74.2901822, 40.6402585], [-74.2900426, 40.6404524], [-74.2899105, 40.6406393], [-74.2897752, 40.6408329], [-74.2896465, 40.6410314], [-74.2895201, 40.6412283], [-74.2894036, 40.6414209], [-74.2892835, 40.6416249], [-74.2891693, 40.6418269], [-74.2889526, 40.642232], [-74.2888489, 40.6424379], [-74.28875, 40.6426422], [-74.2886525, 40.6428489], [-74.2885615, 40.6430603], [-74.2884744, 40.6432694], [-74.2883179, 40.6436704], [-74.2882403, 40.6438846], [-74.2881667, 40.6440966], [-74.2880968, 40.6443092], [-74.2879631, 40.6447399], [-74.2878455, 40.645172], [-74.2878145, 40.6453023], [-74.2877423, 40.6456054], [-74.287653, 40.6460383], [-74.287582, 40.64648], [-74.2875247, 40.646921], [-74.2875193, 40.6469743], [-74.2874806, 40.6473544], [-74.2874433, 40.6477916], [-74.2874171, 40.6482344], [-74.2874042, 40.648672], [-74.2874028, 40.6507698], [-74.2873972, 40.6512094], [-74.2873905, 40.6517143], [-74.2873902, 40.6518739], [-74.2873899, 40.6533031], [-74.2873766, 40.6541815], [-74.2873688, 40.6551829], [-74.2873647, 40.6558263], [-74.2873589, 40.6566612], [-74.287334, 40.6586476], [-74.2873322, 40.6588691], [-74.2873209, 40.660502], [-74.2873137, 40.6607237], [-74.2873049, 40.6609356], [-74.2872933, 40.6611557], [-74.2872779, 40.6613684], [-74.2872539, 40.6615856], [-74.2872254, 40.6617988], [-74.2871913, 40.6620128], [-74.2871574, 40.6622285], [-74.2871163, 40.6624483], [-74.2870732, 40.6626644], [-74.2870234, 40.6628841], [-74.2869718, 40.6631022], [-74.2869155, 40.6633178], [-74.2868553, 40.6635324], [-74.2867934, 40.6637416], [-74.2867251, 40.6639587], [-74.2866539, 40.6641704], [-74.2865827, 40.6643828], [-74.286504, 40.6645965], [-74.2864156, 40.6648214], [-74.286319, 40.665056], [-74.2862163, 40.6652883], [-74.2861096, 40.6655251], [-74.2859993, 40.6657546], [-74.2858853, 40.6659849], [-74.2857674, 40.666215], [-74.2856427, 40.6664433], [-74.2855173, 40.6666686], [-74.2853829, 40.666897], [-74.2852501, 40.6671124], [-74.2851077, 40.6673354], [-74.2849627, 40.667559], [-74.2848185, 40.6677682], [-74.2846617, 40.6679909], [-74.2827354, 40.6706007], [-74.2825678, 40.6708206], [-74.2814193, 40.6723725], [-74.2812626, 40.6725857], [-74.2811072, 40.6728015], [-74.2809009, 40.6730937], [-74.2805686, 40.6736021], [-74.2803969, 40.6738873], [-74.280192, 40.6742351], [-74.2801043, 40.6743886], [-74.2799819, 40.6746176], [-74.2798633, 40.6748474], [-74.2797509, 40.6750769], [-74.2796417, 40.675309], [-74.2795394, 40.6755388], [-74.2794413, 40.6757696], [-74.2793472, 40.6760071], [-74.2792585, 40.6762419], [-74.2791747, 40.6764755], [-74.279094, 40.6767107], [-74.2790146, 40.6769522], [-74.2789407, 40.6771877], [-74.2788632, 40.6774289], [-74.2788246, 40.6775595], [-74.2787925, 40.6776683], [-74.2787218, 40.6779044], [-74.2786534, 40.6781402], [-74.2782552, 40.6795841], [-74.2780561, 40.6803068], [-74.2779886, 40.6805452], [-74.2779193, 40.6807887], [-74.2778857, 40.680909], [-74.2778493, 40.6810288], [-74.2778126, 40.6811481], [-74.2777712, 40.6812709], [-74.2777263, 40.6813908], [-74.2776806, 40.6815097], [-74.2776294, 40.6816276], [-74.2775758, 40.6817449], [-74.2775185, 40.6818606], [-74.2774588, 40.6819761], [-74.2773939, 40.6820908], [-74.2773286, 40.6822011], [-74.2772578, 40.6823151], [-74.2771875, 40.6824243], [-74.277114, 40.6825339], [-74.276101, 40.68393], [-74.2759473, 40.684146], [-74.2757954, 40.6843653], [-74.2756533, 40.6845833], [-74.2755165, 40.6848025], [-74.2750231, 40.685587], [-74.2749547, 40.6856943], [-74.2748819, 40.6858062], [-74.2748096, 40.6859148], [-74.2747377, 40.6860245], [-74.2746623, 40.6861324], [-74.2745853, 40.686238], [-74.2745047, 40.6863474], [-74.2744321, 40.6864422], [-74.2744184, 40.68646], [-74.2743356, 40.6865642], [-74.2742507, 40.6866658], [-74.2741614, 40.6867718], [-74.2740732, 40.6868722], [-74.2739796, 40.6869768], [-74.2738912, 40.6870767], [-74.2737948, 40.6871746], [-74.2737025, 40.6872741], [-74.273601, 40.6873775], [-74.2735068, 40.6874717], [-74.2734115, 40.6875664], [-74.2733073, 40.6876651], [-74.2732004, 40.6877671], [-74.2730951, 40.6878651], [-74.2729898, 40.6879599], [-74.2728884, 40.6880527], [-74.2727839, 40.6881447], [-74.2726769, 40.6882366], [-74.2725708, 40.6883276], [-74.2724711, 40.6884123], [-74.2723647, 40.6885007], [-74.2722489, 40.6885946], [-74.2721217, 40.6886963], [-74.2719944, 40.6887938], [-74.27188, 40.6888803], [-74.2717646, 40.688966], [-74.271651, 40.6890504], [-74.271528, 40.6891378], [-74.2714166, 40.6892194], [-74.2712968, 40.6893032], [-74.2711687, 40.6893904], [-74.2710592, 40.6894642], [-74.2708535, 40.6896192], [-74.2705753, 40.6897998], [-74.2703206, 40.6899526], [-74.2700234, 40.6901216], [-74.2697595, 40.6902684], [-74.2694914, 40.6904176], [-74.2692423, 40.690549], [-74.2689025, 40.6907249], [-74.2679564, 40.691203], [-74.2677144, 40.691326], [-74.2668856, 40.6917445], [-74.2666042, 40.6918827], [-74.2651645, 40.6925744], [-74.2649768, 40.6926658], [-74.2647834, 40.6927699], [-74.2645931, 40.6928763], [-74.2643856, 40.6929979], [-74.2641824, 40.6931219], [-74.263994, 40.6932404], [-74.2637964, 40.6933679], [-74.2636296, 40.6934768], [-74.2634701, 40.6935781], [-74.2633288, 40.6936759], [-74.2631595, 40.6937929], [-74.2625698, 40.6941943], [-74.26234, 40.6943519], [-74.2621172, 40.6945089], [-74.2617763, 40.6947394], [-74.2611987, 40.6951035], [-74.260896, 40.6952866], [-74.2606281, 40.695439], [-74.2603799, 40.6955783], [-74.2602835, 40.6956287], [-74.2600587, 40.6957517], [-74.2592358, 40.6961726], [-74.2589443, 40.6963229], [-74.2572578, 40.6971506], [-74.2560026, 40.6977667], [-74.2546985, 40.6984113], [-74.2540479, 40.6987319], [-74.2534308, 40.6990421], [-74.2530506, 40.6992344], [-74.2508703, 40.7003214], [-74.2505613, 40.7004754], [-74.2503671, 40.7005809], [-74.2501932, 40.7006721], [-74.2500101, 40.7007778], [-74.2498377, 40.7008739], [-74.2496507, 40.7009902], [-74.2495095, 40.7010856], [-74.2493384, 40.701207], [-74.2492225, 40.70129], [-74.2490989, 40.7013798], [-74.2489549, 40.701489], [-74.2487759, 40.7016298], [-74.2486119, 40.7017617], [-74.2484314, 40.7019115], [-74.2482911, 40.7020385], [-74.248139, 40.702174], [-74.2479592, 40.7023498], [-74.2477843, 40.702529], [-74.2476241, 40.7027024], [-74.2474631, 40.7028862], [-74.2473063, 40.703074], [-74.2471525, 40.7032688], [-74.2470149, 40.703453], [-74.2468779, 40.7036458], [-74.2467416, 40.7038491], [-74.2466178, 40.7040463], [-74.2464952, 40.7042409], [-74.2464043, 40.7044074], [-74.2462977, 40.7046108], [-74.2459156, 40.7054822], [-74.2457426, 40.7059725], [-74.2456214, 40.7063618], [-74.2455618, 40.7065801], [-74.2455158, 40.7067983], [-74.2453965, 40.7073966], [-74.2453013, 40.7078748], [-74.2451928, 40.7084332], [-74.2451485, 40.7086513], [-74.2451, 40.7088725], [-74.2450507, 40.7090746], [-74.2449999, 40.7092971], [-74.244944, 40.7095144], [-74.2448874, 40.7097278], [-74.244827, 40.7099415], [-74.244763, 40.710153], [-74.2446949, 40.7103693], [-74.2446248, 40.7105808], [-74.2445507, 40.7107964], [-74.244477, 40.711044], [-74.2443629, 40.7113919], [-74.2442996, 40.7115553], [-74.2442119, 40.7117639], [-74.2441242, 40.7119608], [-74.2440338, 40.7121709], [-74.2439352, 40.7123818], [-74.2438394, 40.712595], [-74.2437204, 40.7127958], [-74.2436246, 40.7129734], [-74.243332, 40.7134083], [-74.2432006, 40.7135984], [-74.2430579, 40.7137962], [-74.2429094, 40.7139958], [-74.2428424, 40.714071], [-74.2427556, 40.7141685], [-74.2425726, 40.7143989], [-74.2424187, 40.7145947], [-74.2422691, 40.7147837], [-74.2421184, 40.7149692], [-74.2419672, 40.7151598], [-74.2418112, 40.7153489], [-74.2416588, 40.7155363], [-74.2415022, 40.715726], [-74.2413497, 40.7159096], [-74.2411899, 40.7160988], [-74.2410218, 40.7162935], [-74.2408749, 40.7164509], [-74.240725, 40.7165953], [-74.2405472, 40.7167538], [-74.2403562, 40.7169149], [-74.2401483, 40.7170768], [-74.2399399, 40.7172246], [-74.239725, 40.7173654], [-74.2394988, 40.7175016], [-74.239268, 40.7176329], [-74.2390324, 40.7177549], [-74.2387869, 40.7178694], [-74.2385353, 40.7179762], [-74.2382796, 40.7180718], [-74.2380119, 40.7181623], [-74.2365523, 40.7186236], [-74.2362807, 40.7187112], [-74.2360147, 40.7187965], [-74.2358846, 40.7188389], [-74.2357487, 40.7188832], [-74.2356194, 40.718925], [-74.2354881, 40.7189686], [-74.2353584, 40.7190139], [-74.2352207, 40.7190647], [-74.2351085, 40.7191072], [-74.2348082, 40.7192334], [-74.2344733, 40.7193946], [-74.2341408, 40.7195661], [-74.234028, 40.7196332], [-74.2339158, 40.7197007], [-74.2338059, 40.7197716], [-74.2336986, 40.7198441], [-74.2335945, 40.7199169], [-74.2334907, 40.7199927], [-74.2333863, 40.720072], [-74.2332891, 40.7201484], [-74.233193, 40.7202298], [-74.2331019, 40.7203084], [-74.2330086, 40.7203909], [-74.2329169, 40.7204786], [-74.2328291, 40.7205663], [-74.2327436, 40.7206543], [-74.2326597, 40.7207444], [-74.2325738, 40.720839], [-74.2324935, 40.7209286], [-74.2323366, 40.7211082], [-74.2320968, 40.7213821], [-74.2317777, 40.7217527], [-74.2310675, 40.7225749], [-74.2309085, 40.7227578], [-74.2307404, 40.7229474], [-74.2305788, 40.7231214], [-74.2304115, 40.7232973], [-74.2302328, 40.7234739], [-74.2299615, 40.7237359], [-74.2289381, 40.72459], [-74.228308, 40.7251016], [-74.2281171, 40.7252596], [-74.2279226, 40.7254233], [-74.2273827, 40.7258873], [-74.2268076, 40.7263844], [-74.2266893, 40.7264921], [-74.2265727, 40.7266016], [-74.2260573, 40.7271066], [-74.2241843, 40.7289458], [-74.2240081, 40.7291229], [-74.2238408, 40.7292959], [-74.2236747, 40.7294725], [-74.2235039, 40.7296607], [-74.2233499, 40.7298313], [-74.2231888, 40.7300123], [-74.2230316, 40.7301962], [-74.2228739, 40.7303835], [-74.2227241, 40.7305664], [-74.2225739, 40.7307564], [-74.2224276, 40.7309471], [-74.2222835, 40.731136], [-74.2221441, 40.7313264], [-74.2220008, 40.7315261], [-74.2218626, 40.731726], [-74.2212402, 40.7326432], [-74.2208124, 40.7332726], [-74.2179978, 40.7374137], [-74.2172198, 40.7385721], [-74.2171, 40.7387541], [-74.2169883, 40.7389276], [-74.2168673, 40.7391146], [-74.2165307, 40.7396453], [-74.216417, 40.7398215], [-74.2161731, 40.7402083], [-74.2157403, 40.7408948], [-74.2156261, 40.7410797], [-74.2154474, 40.7413625], [-74.2153784, 40.7414716], [-74.2153166, 40.7415737], [-74.2150945, 40.7419462], [-74.2149677, 40.7421607], [-74.2148657, 40.7423452], [-74.2147391, 40.7425741], [-74.2145447, 40.7429462], [-74.2144262, 40.7431852], [-74.2143408, 40.7433686], [-74.2142554, 40.7435558], [-74.2141332, 40.7438293], [-74.2140543, 40.744012], [-74.2139787, 40.7442], [-74.2138977, 40.7444118], [-74.2137911, 40.7447142], [-74.2136962, 40.7449985], [-74.2136425, 40.7451722], [-74.2135841, 40.7453632], [-74.2135462, 40.7454974], [-74.213388, 40.7460928], [-74.2129484, 40.7477989], [-74.2127263, 40.748674], [-74.2125191, 40.7494689], [-74.2124896, 40.7495729], [-74.2123962, 40.7498966], [-74.2123678, 40.7499894], [-74.2123345, 40.7500944], [-74.2122998, 40.7502015], [-74.212207, 40.750482], [-74.2121729, 40.7505812], [-74.2121345, 40.7506857], [-74.2119753, 40.7511068], [-74.211935, 40.7512042], [-74.2118979, 40.751298], [-74.211741, 40.7516702], [-74.2111994, 40.7529322], [-74.2109537, 40.7534653], [-74.2109087, 40.7535649], [-74.2108686, 40.7536605], [-74.2108312, 40.753751], [-74.2107911, 40.7538508], [-74.210598, 40.75432], [-74.2105593, 40.7544169], [-74.2105239, 40.7545075], [-74.2104872, 40.7546061], [-74.2103934, 40.754867], [-74.2101876, 40.7554999], [-74.2101271, 40.7557153], [-74.2100116, 40.756144], [-74.2099891, 40.7562256], [-74.2099624, 40.756326], [-74.2094842, 40.7579555], [-74.2094551, 40.7580482], [-74.2094217, 40.7581494], [-74.2093855, 40.7582513], [-74.2093486, 40.7583532], [-74.2093121, 40.7584444], [-74.2092756, 40.7585327], [-74.209237, 40.7586239], [-74.2091977, 40.7587152], [-74.2091534, 40.758814], [-74.2090165, 40.7590986], [-74.2089012, 40.7593174], [-74.2088479, 40.7594152], [-74.2087874, 40.7595225], [-74.2087285, 40.7596222], [-74.2086452, 40.759758], [-74.2085574, 40.7598964], [-74.2084718, 40.7600251], [-74.2083841, 40.7601537], [-74.2083222, 40.760238], [-74.2082562, 40.7603254], [-74.2081891, 40.7604147], [-74.2081227, 40.7605022], [-74.2074419, 40.7613658], [-74.2073963, 40.7614237], [-74.2073257, 40.7615148], [-74.2072622, 40.7615995], [-74.2071988, 40.7616829], [-74.2071343, 40.7617691], [-74.2070729, 40.7618516], [-74.2070081, 40.7619436], [-74.2068836, 40.7621192], [-74.2067663, 40.7622884], [-74.2066475, 40.7624657], [-74.2065924, 40.7625501], [-74.2065388, 40.7626358], [-74.2064814, 40.7627309], [-74.2064263, 40.7628251], [-74.2063721, 40.762918], [-74.2055905, 40.7642768], [-74.2054903, 40.7644548], [-74.2051837, 40.7649992], [-74.2050798, 40.7651863], [-74.2049788, 40.7653702], [-74.2049317, 40.7654567], [-74.2048844, 40.7655476], [-74.2048362, 40.7656487], [-74.2047948, 40.7657376], [-74.2047537, 40.7658292], [-74.2047159, 40.7659201], [-74.2046786, 40.7660141], [-74.2046484, 40.7660982], [-74.2046206, 40.7661831], [-74.2045911, 40.7662794], [-74.2045632, 40.766379], [-74.2045386, 40.7664841], [-74.2045167, 40.7665819], [-74.2044969, 40.7666852], [-74.20448, 40.7667908], [-74.204468, 40.7668877], [-74.2044586, 40.7669808], [-74.204443, 40.7671818], [-74.2044306, 40.7673808], [-74.2044208, 40.7675732], [-74.204416, 40.7677677], [-74.2044159, 40.7679706], [-74.2044208, 40.7681613], [-74.2044292, 40.7683672], [-74.2044398, 40.7685637], [-74.2044568, 40.7687625], [-74.2044734, 40.7689504], [-74.2047654, 40.7715549], [-74.2047761, 40.7716632], [-74.2047838, 40.7717691], [-74.2047902, 40.7718845], [-74.2047934, 40.7719886], [-74.204795, 40.7721027], [-74.2047918, 40.7722124], [-74.2047866, 40.7723238], [-74.2047784, 40.7724312], [-74.2047678, 40.7725402], [-74.2047549, 40.7726486], [-74.2047373, 40.7727591], [-74.2047152, 40.772868], [-74.2046904, 40.7729779], [-74.2046666, 40.7730825], [-74.2046328, 40.7731935], [-74.2045968, 40.7733053], [-74.2045596, 40.7734076], [-74.2045162, 40.7735129], [-74.2044723, 40.7736166], [-74.204421, 40.7737204], [-74.2043695, 40.773825], [-74.2043134, 40.7739282], [-74.2042538, 40.7740267], [-74.204194, 40.7741218], [-74.2041589, 40.7741741], [-74.2041238, 40.7742263], [-74.2040599, 40.7743179], [-74.203987, 40.774412], [-74.203909, 40.7745099], [-74.2038386, 40.7745998], [-74.2037561, 40.7746964], [-74.2036777, 40.7747856], [-74.203592, 40.7748777], [-74.2022352, 40.7762768], [-74.202151, 40.7763659], [-74.2020698, 40.776456], [-74.2019897, 40.7765446], [-74.2019067, 40.7766379], [-74.2018311, 40.7767319], [-74.2017607, 40.7768229], [-74.2016927, 40.7769147], [-74.2016244, 40.7770105], [-74.201559, 40.7771113], [-74.2015061, 40.7772007], [-74.2014481, 40.7773035], [-74.2013963, 40.7774008], [-74.201348, 40.7775015], [-74.201303, 40.777606], [-74.2012623, 40.7777071], [-74.2012222, 40.7778132], [-74.2011863, 40.7779146], [-74.2011538, 40.7780228], [-74.2011233, 40.7781331], [-74.2010967, 40.7782426], [-74.2010752, 40.7783473], [-74.2010547, 40.7784512], [-74.2010399, 40.7785604], [-74.2010293, 40.7786702], [-74.201022, 40.7787781], [-74.2010189, 40.7788878], [-74.2010184, 40.7789931], [-74.2010239, 40.7791008], [-74.2010305, 40.7792104], [-74.2010413, 40.7793201], [-74.2010522, 40.7794265], [-74.2010644, 40.779532], [-74.2010793, 40.7796497], [-74.2010949, 40.7797571], [-74.201206, 40.7804287], [-74.2012439, 40.7806517], [-74.2013375, 40.7812392], [-74.201352, 40.781349], [-74.2013672, 40.78146], [-74.2013812, 40.7815671], [-74.2013925, 40.781675], [-74.2014012, 40.781759], [-74.2014098, 40.7818662], [-74.2014117, 40.7819362], [-74.2014127, 40.7819707], [-74.201415, 40.7821134], [-74.2014146, 40.7822233], [-74.2014126, 40.7823368], [-74.2014089, 40.7824445], [-74.2014034, 40.7825542], [-74.2013954, 40.7826641], [-74.2013847, 40.7827755], [-74.2013727, 40.7828806], [-74.201358, 40.7829893], [-74.2013406, 40.7830959], [-74.2013204, 40.7832048], [-74.2012967, 40.7833175], [-74.2012737, 40.783423], [-74.2012486, 40.7835313], [-74.201232, 40.7836016], [-74.2012033, 40.7837072], [-74.2011724, 40.783811], [-74.2011209, 40.7839632], [-74.2010807, 40.7840738], [-74.201041, 40.7841747], [-74.2009526, 40.7843888], [-74.2008121, 40.7846935], [-74.20076, 40.7847981], [-74.2007071, 40.7849012], [-74.2006506, 40.7850065], [-74.2005962, 40.7851049], [-74.2005413, 40.7852019], [-74.2004804, 40.7853071], [-74.200421, 40.7854051], [-74.2003553, 40.7855095], [-74.2002928, 40.7856095], [-74.2002312, 40.7857064], [-74.200034, 40.7859955], [-74.1999634, 40.7860952], [-74.1998936, 40.786192], [-74.1996027, 40.7865632], [-74.1995269, 40.7866563], [-74.1994507, 40.7867414], [-74.1993637, 40.7868379], [-74.1992679, 40.7869416], [-74.1991283, 40.7870856], [-74.1990077, 40.7872039], [-74.1989204, 40.7872886], [-74.1988307, 40.7873733], [-74.1987384, 40.7874586], [-74.198644, 40.7875423], [-74.1985563, 40.7876212], [-74.1984568, 40.7877093], [-74.1983644, 40.7877859], [-74.1982605, 40.78787], [-74.1981583, 40.7879501], [-74.1980637, 40.7880256], [-74.1979663, 40.7880996], [-74.1978618, 40.7881803], [-74.197758, 40.7882559], [-74.1976561, 40.7883294], [-74.1975468, 40.7884048], [-74.1974393, 40.7884789], [-74.1973316, 40.7885494], [-74.1972166, 40.7886242], [-74.1971089, 40.788691], [-74.1969978, 40.7887579], [-74.1968873, 40.7888233], [-74.1967666, 40.7888926], [-74.1966531, 40.7889592], [-74.1965337, 40.7890263], [-74.195622, 40.7895296], [-74.1948926, 40.7899368], [-74.1947922, 40.7899934], [-74.1946793, 40.7900645], [-74.1945696, 40.7901361], [-74.1944582, 40.7902107], [-74.1943523, 40.7902835], [-74.1942463, 40.7903581], [-74.1941455, 40.790435], [-74.1940229, 40.7905321], [-74.1939009, 40.7906343], [-74.1938046, 40.7907201], [-74.1937189, 40.7908022], [-74.193636, 40.7908845], [-74.1935607, 40.7909613], [-74.1934772, 40.7910527], [-74.1933973, 40.7911428], [-74.1933252, 40.7912294], [-74.193255, 40.7913187], [-74.1931873, 40.7914088], [-74.1931253, 40.791495], [-74.1930619, 40.7915917], [-74.1929983, 40.7916944], [-74.1929451, 40.7917827], [-74.1928919, 40.7918787], [-74.1928382, 40.7919812], [-74.1927961, 40.7920684], [-74.1927516, 40.7921693], [-74.1926389, 40.7924717], [-74.192604, 40.7925774], [-74.192571, 40.7926847], [-74.192542, 40.7927797], [-74.1924289, 40.7931984], [-74.1923729, 40.7933992], [-74.1923166, 40.7936152], [-74.1918682, 40.7953488], [-74.1916126, 40.7963079], [-74.1915823, 40.7964112], [-74.1915491, 40.7965164], [-74.1914373, 40.7968391], [-74.191279, 40.7971497], [-74.1910966, 40.7974523], [-74.1908901, 40.7977487], [-74.1906541, 40.7980229], [-74.1903831, 40.7982949], [-74.1901043, 40.7985437], [-74.1900157, 40.7986191], [-74.189891, 40.7987356], [-74.1887391, 40.7996889], [-74.1884751, 40.7999103], [-74.188278, 40.8000783], [-74.1876078, 40.8006658], [-74.1872623, 40.8009994], [-74.1869151, 40.801367], [-74.1866066, 40.8017162], [-74.1862955, 40.8020938], [-74.1859137, 40.8025862], [-74.185627, 40.8030288], [-74.1855113, 40.8032074], [-74.1852586, 40.8036114], [-74.1850513, 40.8039459], [-74.1849373, 40.8041251], [-74.1848054, 40.8043282], [-74.1844619, 40.8048569], [-74.1843151, 40.8050829], [-74.184299, 40.8051078], [-74.1842824, 40.8051333], [-74.1836339, 40.8061137], [-74.1832126, 40.8066899], [-74.182974, 40.8069918], [-74.1827151, 40.8073683], [-74.1811942, 40.8096989], [-74.180985, 40.8100298], [-74.1808107, 40.8103202], [-74.1806524, 40.8106186], [-74.1805022, 40.8109231], [-74.1803252, 40.8113027], [-74.180167, 40.8117128], [-74.1800141, 40.8121452], [-74.1798961, 40.8125735], [-74.1797968, 40.813008], [-74.1797137, 40.8134403], [-74.1796821, 40.8138843], [-74.1796486, 40.8142974], [-74.1796459, 40.8147258], [-74.1796365, 40.8151785], [-74.1796339, 40.8156149], [-74.1796312, 40.8159326], [-74.1796091, 40.8164427], [-74.1795889, 40.8169069], [-74.1795259, 40.8173327], [-74.1794159, 40.8177804], [-74.1792952, 40.8181965], [-74.1791316, 40.8186187], [-74.1789331, 40.8190308], [-74.1787132, 40.8194286], [-74.1784745, 40.8198244], [-74.1782358, 40.8202141], [-74.1773659, 40.8215735], [-74.1771192, 40.8219734], [-74.1768832, 40.8223834], [-74.176682, 40.8227771], [-74.1765103, 40.8231831], [-74.1763601, 40.8235971], [-74.1762475, 40.8240031], [-74.1761697, 40.8243907], [-74.176116, 40.8247683], [-74.1760865, 40.8251945], [-74.1760892, 40.8256288], [-74.1761268, 40.8260571], [-74.1761992, 40.8264914], [-74.1763011, 40.8269237], [-74.1764272, 40.8273378], [-74.1765908, 40.8277518], [-74.1767946, 40.8281679], [-74.1770173, 40.8285575], [-74.1772471, 40.8289497], [-74.1784657, 40.8309361], [-74.1787044, 40.8313217], [-74.1789109, 40.8317459], [-74.179045, 40.8320523], [-74.179163, 40.8323608], [-74.179273, 40.8326956], [-74.1793776, 40.833065], [-74.1794676, 40.8334505], [-74.1795359, 40.8338565], [-74.1795922, 40.8342948], [-74.1796217, 40.834723], [-74.1796458, 40.8351593], [-74.1796837, 40.835807], [-74.1797695, 40.8371078], [-74.1798098, 40.8379743], [-74.1798178, 40.8381184], [-74.179858, 40.8387373], [-74.1799932, 40.8410746], [-74.1800469, 40.8420283], [-74.180049, 40.8420605], [-74.1801638, 40.8438589], [-74.1801656, 40.8438833], [-74.180245, 40.8449387], [-74.1802236, 40.8457584], [-74.1801595, 40.8461919], [-74.1800844, 40.8465612], [-74.1799025, 40.8472495], [-74.179839, 40.847452], [-74.179783, 40.847595], [-74.179739, 40.8477001], [-74.1796173, 40.8479603], [-74.179391, 40.848344], [-74.179063, 40.848894], [-74.178858, 40.849207], [-74.178099, 40.850393], [-74.177649, 40.85112], [-74.177549, 40.851282], [-74.177316, 40.851686], [-74.17709, 40.852061], [-74.176469, 40.853155], [-74.1761915, 40.8536758], [-74.1757534, 40.8545464], [-74.175412, 40.855211], [-74.175023, 40.85604], [-74.174682, 40.856805], [-74.174476, 40.857361], [-74.174316, 40.857858], [-74.174133, 40.858486], [-74.1740683, 40.8587503], [-74.173765, 40.85984], [-74.173613, 40.860433], [-74.173354, 40.861293], [-74.173238, 40.861641], [-74.173115, 40.861965], [-74.172758, 40.862789], [-74.172437, 40.86342], [-74.172318, 40.863637], [-74.171943, 40.864255], [-74.171081, 40.865471], [-74.169714, 40.867355], [-74.169027, 40.868336], [-74.16881, 40.868663], [-74.168604, 40.868996], [-74.168362, 40.869401], [-74.1680384, 40.8700079], [-74.16772, 40.870686], [-74.167534, 40.871126], [-74.1672748, 40.8718316], [-74.1671988, 40.8720578], [-74.1670796, 40.8725163], [-74.1669454, 40.873036], [-74.1668311, 40.8735796], [-74.1667813, 40.8738775], [-74.1667346, 40.8740356], [-74.1666822, 40.8744588], [-74.1665312, 40.8757608], [-74.1664706, 40.8764607], [-74.1664549, 40.8765925], [-74.1664085, 40.8770859], [-74.1663801, 40.8775245], [-74.1663788, 40.8776107], [-74.1663743, 40.878098], [-74.1663816, 40.8785169], [-74.166372, 40.8793761], [-74.1663737, 40.8797224], [-74.1663546, 40.8799711], [-74.1663281, 40.880178], [-74.1662954, 40.8803509], [-74.1662074, 40.8806831], [-74.1660854, 40.8810129], [-74.1660043, 40.8811988], [-74.1659239, 40.8813612], [-74.1658395, 40.8815166], [-74.1657393, 40.8816709], [-74.1655977, 40.8818574], [-74.1654531, 40.8820521], [-74.1653714, 40.882135], [-74.1652831, 40.8822308], [-74.1651351, 40.8823806], [-74.164996, 40.8825121], [-74.1648483, 40.8826421], [-74.1646826, 40.8827747], [-74.1644851, 40.8829203], [-74.1642899, 40.8830498], [-74.164087, 40.8831777], [-74.1638858, 40.8833017], [-74.1636409, 40.8834464], [-74.1634146, 40.883573], [-74.1631879, 40.8836952], [-74.1629416, 40.8838228], [-74.1626912, 40.8839448], [-74.1624358, 40.8840653], [-74.1621818, 40.8841777], [-74.1619191, 40.884287], [-74.1616572, 40.8843901], [-74.1613903, 40.8844905], [-74.1611278, 40.8845826], [-74.1608748, 40.8846655], [-74.1606008, 40.8847503], [-74.1603428, 40.8848242], [-74.1600755, 40.8848964], [-74.1598167, 40.8849605], [-74.1595464, 40.8850238], [-74.1592759, 40.8850834], [-74.1590135, 40.8851357], [-74.1587349, 40.8851866], [-74.1574767, 40.8854104], [-74.156689, 40.885557], [-74.156446, 40.885607], [-74.156005, 40.885698], [-74.155553, 40.885804], [-74.155255, 40.885869], [-74.152197, 40.88664], [-74.1517577, 40.8867487], [-74.151268, 40.8868649], [-74.15061, 40.887014], [-74.149824, 40.887181], [-74.1494414, 40.8872532], [-74.1479124, 40.8875279], [-74.1473604, 40.8876242], [-74.1453897, 40.8879798], [-74.1451966, 40.8880142], [-74.1417671, 40.888623], [-74.1411717, 40.8887284], [-74.1406003, 40.8888257], [-74.1400559, 40.888919], [-74.1394845, 40.8890062], [-74.138932, 40.8890853], [-74.1383661, 40.8891664], [-74.1377921, 40.8892414], [-74.1372315, 40.8893104], [-74.1366655, 40.8893712], [-74.1360996, 40.88943], [-74.1355202, 40.8894868], [-74.1349462, 40.8895375], [-74.1343723, 40.8895821], [-74.1337956, 40.8896267], [-74.1332189, 40.8896652], [-74.1326395, 40.8896976], [-74.1314466, 40.8897671], [-74.1279544, 40.8899577], [-74.127286, 40.8899972], [-74.1268569, 40.8900317], [-74.1264358, 40.8900844], [-74.1260254, 40.8901452], [-74.1256016, 40.8902243], [-74.1251886, 40.8903196], [-74.1247862, 40.890425], [-74.1243851, 40.8905466], [-74.1239988, 40.8906804], [-74.123618, 40.8908325], [-74.1232478, 40.8909947], [-74.122883, 40.8911732], [-74.1225305, 40.8913638], [-74.1221964, 40.8915625], [-74.1218692, 40.8917774], [-74.1215634, 40.8920045], [-74.1214494, 40.8920961], [-74.1212657, 40.8922437], [-74.120984, 40.8924931], [-74.1207212, 40.8927445], [-74.1204637, 40.893], [-74.1200265, 40.893442], [-74.1177305, 40.8957777], [-74.1175409, 40.8959692], [-74.1164639, 40.8970765], [-74.1153272, 40.8982451], [-74.1150993, 40.8984763], [-74.1143619, 40.8992254], [-74.1141554, 40.8994362], [-74.1139006, 40.8996916], [-74.1135438, 40.9000383], [-74.1131791, 40.9003769], [-74.1128062, 40.9007094], [-74.1124254, 40.9010398], [-74.1120391, 40.9013602], [-74.1116529, 40.9016663], [-74.1112479, 40.9019805], [-74.1110507, 40.9021242], [-74.1104247, 40.9025711], [-74.1102528, 40.902686], [-74.1098048, 40.902984], [-74.109373, 40.9032597], [-74.1089278, 40.9035334], [-74.1084718, 40.903799], [-74.1072911, 40.9043122], [-74.1070373, 40.904444], [-74.106784, 40.9045712], [-74.1065444, 40.9046901], [-74.1063027, 40.9048061], [-74.1060604, 40.9049202], [-74.105806, 40.9050397], [-74.105568, 40.90515], [-74.1052027, 40.9053169], [-74.1049495, 40.9054314], [-74.1046988, 40.9055447], [-74.1044527, 40.9056541], [-74.1042133, 40.9057596], [-74.1039422, 40.9058779], [-74.1037033, 40.9059808], [-74.1034543, 40.9060888], [-74.1032392, 40.9061796], [-74.1030057, 40.9062775], [-74.1027376, 40.9063896], [-74.1024901, 40.9064921], [-74.1022283, 40.9065996], [-74.1016112, 40.9068463], [-74.1013493, 40.9069479], [-74.1011094, 40.9070418], [-74.100649, 40.9072161], [-74.0999178, 40.9075057], [-74.0992081, 40.9077934], [-74.0986358, 40.9079941], [-74.0981884, 40.908151], [-74.097601, 40.908357], [-74.0975317, 40.9083805], [-74.0975, 40.9083901], [-74.0974607, 40.9084021], [-74.0967982, 40.9086463], [-74.0959149, 40.9089622], [-74.0954947, 40.9091125], [-74.0949603, 40.9093156], [-74.094558, 40.9094737], [-74.0941691, 40.9096379], [-74.0938097, 40.9098042], [-74.0934717, 40.9099744], [-74.0930774, 40.9101893], [-74.0928893, 40.9102992], [-74.0927583, 40.9103758], [-74.0924069, 40.9106028], [-74.0920701, 40.9108416], [-74.0917524, 40.9110731], [-74.0914601, 40.9113082], [-74.0911704, 40.9115596], [-74.0909907, 40.9117298], [-74.0908029, 40.9119183], [-74.0906205, 40.9121109], [-74.0904328, 40.9123177], [-74.0902048, 40.9125893], [-74.0899983, 40.9128568], [-74.089789, 40.9131507], [-74.0896067, 40.9134284], [-74.089427, 40.9137386], [-74.0892714, 40.9140406], [-74.0891292, 40.9143365], [-74.0890005, 40.9146446], [-74.0886169, 40.9156763], [-74.0882307, 40.9167019], [-74.088003, 40.9173303], [-74.0878769, 40.9176283], [-74.0877321, 40.9179242], [-74.0875712, 40.9182181], [-74.0873861, 40.9185059], [-74.0871796, 40.9187775], [-74.0869569, 40.9190491], [-74.0867129, 40.9193024], [-74.0864473, 40.9195517], [-74.0861711, 40.9197828], [-74.0857877, 40.9200669], [-74.0856078, 40.9201841], [-74.0854568, 40.9202972], [-74.085181, 40.9204573], [-74.0849295, 40.9205667], [-74.0846652, 40.9206929], [-74.0844174, 40.9208029], [-74.084326, 40.9208442], [-74.0831961, 40.9213198], [-74.0829873, 40.9214111], [-74.0828266, 40.9214797], [-74.080407, 40.9225067], [-74.0795245, 40.9228755], [-74.0776175, 40.9236841], [-74.0772527, 40.9238463], [-74.0768987, 40.9240185], [-74.0765553, 40.9241948], [-74.0761986, 40.9243975], [-74.0758821, 40.9245941], [-74.075512, 40.9248353], [-74.0753649, 40.9249223], [-74.075282, 40.9249812], [-74.0750757, 40.9251344], [-74.0748736, 40.9252897], [-74.0746766, 40.9254476], [-74.0744851, 40.9256109], [-74.0742942, 40.9257786], [-74.0741099, 40.9259505], [-74.0739333, 40.9261269], [-74.0737653, 40.9263066], [-74.0736028, 40.9264887], [-74.0734536, 40.9266748], [-74.0733082, 40.9268672], [-74.0731739, 40.9270593], [-74.0730484, 40.9272559], [-74.0729326, 40.927457], [-74.0728297, 40.9276594], [-74.0727286, 40.9278653], [-74.0726383, 40.9280735], [-74.0725589, 40.9282835], [-74.0724881, 40.9284955], [-74.0724273, 40.9287087], [-74.0723763, 40.9289268], [-74.0723382, 40.9291422], [-74.0723066, 40.9293613], [-74.0722843, 40.9295802], [-74.072277, 40.9297181], [-74.0722743, 40.9297937], [-74.0722717, 40.9299083], [-74.0722716, 40.9300064], [-74.0722744, 40.9301421], [-74.0722812, 40.9302888], [-74.0724172, 40.9318539], [-74.0724789, 40.9327314], [-74.0725329, 40.933497], [-74.0725927, 40.9343731], [-74.0726064, 40.934593], [-74.0726175, 40.9348117], [-74.0726215, 40.9350306], [-74.0726198, 40.9352503], [-74.0726131, 40.935466], [-74.0726021, 40.9356859], [-74.0725838, 40.9359015], [-74.0725573, 40.9361172], [-74.0725232, 40.9363374], [-74.0724807, 40.9365493], [-74.0724306, 40.9367658], [-74.072372, 40.9369786], [-74.0723017, 40.9371889], [-74.0722259, 40.9373821], [-74.0721526, 40.9375536], [-74.0720554, 40.9377528], [-74.0720404, 40.9377814], [-74.071944, 40.9379613], [-74.0718305, 40.9381589], [-74.0717093, 40.9383565], [-74.0715792, 40.9385528], [-74.0714828, 40.9386885], [-74.0713512, 40.9388671], [-74.0712035, 40.9390577], [-74.0710347, 40.9392716], [-74.0705895, 40.9398347], [-74.0702007, 40.9403252], [-74.0697911, 40.9408467], [-74.0695689, 40.9411296], [-74.0694237, 40.9413181], [-74.0692785, 40.9415123], [-74.0691404, 40.9417049], [-74.0690067, 40.941897], [-74.0688741, 40.9420927], [-74.0687447, 40.9422881], [-74.0686172, 40.9424875], [-74.0684928, 40.9426861], [-74.0683723, 40.9428843], [-74.0682532, 40.9430866], [-74.0681416, 40.9432836], [-74.0680291, 40.9434887], [-74.0679201, 40.9436964], [-74.0678149, 40.9439012], [-74.0677151, 40.9441054], [-74.0676189, 40.9443082], [-74.0675257, 40.9445135], [-74.0674342, 40.9447212], [-74.0673432, 40.9449327], [-74.067258, 40.9451377], [-74.0671728, 40.9453455], [-74.0670907, 40.9455538], [-74.0670124, 40.9457634], [-74.0669353, 40.9459718], [-74.0668599, 40.946184], [-74.066786, 40.9463949], [-74.0667174, 40.9466025], [-74.0666517, 40.9468152], [-74.0665863, 40.9470295], [-74.0665231, 40.9472429], [-74.0664619, 40.9474542], [-74.0664054, 40.9476653], [-74.0663481, 40.9478869], [-74.0662871, 40.9481462], [-74.0661842, 40.9486022], [-74.066137, 40.9488196], [-74.066091, 40.94904], [-74.0660494, 40.9492515], [-74.0660105, 40.94947], [-74.0659743, 40.949691], [-74.0659398, 40.9499098], [-74.0659082, 40.9501326], [-74.0658803, 40.9503442], [-74.0658525, 40.9505647], [-74.0658281, 40.9507836], [-74.0658066, 40.9510029], [-74.0657863, 40.9512215], [-74.0657681, 40.9514409], [-74.0657541, 40.9516598], [-74.0657467, 40.9517658], [-74.0657331, 40.9519897], [-74.0657214, 40.9523185], [-74.0657109, 40.9526479], [-74.0657076, 40.9529736], [-74.0657131, 40.9533036], [-74.0657212, 40.9536333], [-74.0657385, 40.9539623], [-74.065862, 40.9560352], [-74.0658782, 40.9563558], [-74.0658909, 40.956752], [-74.0658974, 40.9571358], [-74.0658986, 40.9574546], [-74.0658917, 40.957781], [-74.0658771, 40.958114], [-74.0658605, 40.9584431], [-74.0658418, 40.9587715], [-74.0658174, 40.959105], [-74.0657873, 40.9594264], [-74.0657533, 40.9597545], [-74.0657119, 40.9600789], [-74.0656617, 40.960404], [-74.0656129, 40.9607304], [-74.0655549, 40.9610594], [-74.0654922, 40.9613826], [-74.0648519, 40.9647382], [-74.0648108, 40.9649528], [-74.0647758, 40.9651732], [-74.064743, 40.9653945], [-74.0647123, 40.9656174], [-74.0646929, 40.9658321], [-74.064675, 40.9660539], [-74.0646635, 40.966269], [-74.0646597, 40.9664957], [-74.0646629, 40.9667134], [-74.0646736, 40.9669375], [-74.0646909, 40.967151], [-74.0647162, 40.9673731], [-74.064744, 40.9675946], [-74.0647793, 40.967818], [-74.064823, 40.9680286], [-74.0648701, 40.9682493], [-74.0649242, 40.9684606], [-74.0649896, 40.9686731], [-74.0650597, 40.96889], [-74.0651317, 40.9691029], [-74.0652172, 40.9693093], [-74.0653119, 40.9695253], [-74.0654071, 40.9697236], [-74.0655127, 40.9699281], [-74.0656289, 40.9701307], [-74.0657506, 40.9703318], [-74.0658854, 40.9705341], [-74.0660221, 40.9707237], [-74.0661646, 40.9709111], [-74.0663199, 40.9711009], [-74.0664771, 40.9712857], [-74.0666428, 40.9714654], [-74.0682236, 40.9731733], [-74.0684673, 40.9734397], [-74.0687086, 40.9737142], [-74.0689513, 40.9739894], [-74.0691769, 40.9742658], [-74.0693288, 40.9744624], [-74.0694709, 40.9746566], [-74.0696059, 40.9748535], [-74.0697316, 40.9750511], [-74.0698502, 40.9752543], [-74.069962, 40.9754589], [-74.0700599, 40.9756517], [-74.0701541, 40.9758559], [-74.0702356, 40.9760683], [-74.0703107, 40.9762832], [-74.0703785, 40.9764935], [-74.0704432, 40.9767171], [-74.0704938, 40.9769301], [-74.0705298, 40.9771403], [-74.0705634, 40.9773586], [-74.0705865, 40.9775697], [-74.0706095, 40.9778162], [-74.0707043, 40.9796472], [-74.0708175, 40.9814316], [-74.070862, 40.9821338], [-74.0709164, 40.9829412], [-74.0709338, 40.9831647], [-74.0709581, 40.9833781], [-74.0709933, 40.9835961], [-74.071032, 40.983819], [-74.0710775, 40.9840267], [-74.0711285, 40.9842479], [-74.0711849, 40.9844602], [-74.071246, 40.984671], [-74.0713189, 40.984893], [-74.0713923, 40.9851], [-74.0714773, 40.9853152], [-74.0715654, 40.9855171], [-74.0716195, 40.9856462], [-74.0721162, 40.9867719], [-74.0722037, 40.9869756], [-74.0722913, 40.9871832], [-74.0723808, 40.9873916], [-74.0724627, 40.9876027], [-74.0725382, 40.9878155], [-74.0726056, 40.9880181], [-74.0726715, 40.9882327], [-74.0727321, 40.9884528], [-74.0727542, 40.9885428], [-74.0727855, 40.9886701], [-74.0728328, 40.9888804], [-74.0728705, 40.9890924], [-74.0729056, 40.9893047], [-74.072936, 40.9895257], [-74.0729577, 40.989743], [-74.0729692, 40.9899609], [-74.0729808, 40.9901795], [-74.0729904, 40.9904021], [-74.072986, 40.9906236], [-74.0729793, 40.9908369], [-74.0729645, 40.9910618], [-74.0729457, 40.991283], [-74.0729208, 40.9914958], [-74.0728898, 40.9917159], [-74.0728535, 40.9919297], [-74.0728077, 40.9921496], [-74.072762, 40.9923658], [-74.0727102, 40.9925838], [-74.07266, 40.9927948], [-74.0726097, 40.9930145], [-74.0725586, 40.9932333], [-74.0725075, 40.9934453], [-74.0724537, 40.993664], [-74.0724, 40.9938728], [-74.0723416, 40.9940904], [-74.0722788, 40.9943106], [-74.0722155, 40.9945253], [-74.071865, 40.9957073], [-74.0716836, 40.9964147], [-74.0708451, 40.9994754], [-74.0707589, 40.999798], [-74.0706766, 41.0001206], [-74.0705978, 41.0004504], [-74.0705287, 41.0007732], [-74.0704692, 41.0011045], [-74.0704155, 41.0014265], [-74.0703651, 41.001758], [-74.0703243, 41.0020892], [-74.0702926, 41.0024161], [-74.070064, 41.0052572], [-74.0700333, 41.0055851], [-74.0700034, 41.0059083], [-74.0699699, 41.0062416], [-74.0699271, 41.0065626], [-74.0698801, 41.0068592], [-74.069827, 41.0071697], [-74.0697851, 41.0073902], [-74.0697323, 41.0076457], [-74.0696616, 41.0079712], [-74.0695853, 41.0082937], [-74.0694998, 41.0086223], [-74.0694071, 41.0089389], [-74.0693273, 41.0092186], [-74.0676625, 41.0142606], [-74.0675722, 41.0145836], [-74.0674903, 41.0149163], [-74.0674336, 41.0152363], [-74.067399, 41.0155652], [-74.0673791, 41.0158978], [-74.0673798, 41.0162324], [-74.0674018, 41.0165644], [-74.0674388, 41.0168923], [-74.0674934, 41.0172202], [-74.0675666, 41.0175473], [-74.0676622, 41.0178687], [-74.0677707, 41.0181919], [-74.0678845, 41.0185116], [-74.0680068, 41.018827], [-74.0681253, 41.0191372], [-74.0690516, 41.0215673], [-74.0691272, 41.0217568], [-74.0692445, 41.0220715], [-74.06936, 41.0223918], [-74.0694618, 41.0227099], [-74.0695454, 41.0230337], [-74.0696143, 41.0233582], [-74.0696556, 41.0236741], [-74.069681, 41.0240007], [-74.0696966, 41.0243398], [-74.0696883, 41.0246608], [-74.0696584, 41.0249975], [-74.0696177, 41.0253265], [-74.0695546, 41.0256542], [-74.0694767, 41.0259728], [-74.0690423, 41.0275753], [-74.0689579, 41.0279062], [-74.0688804, 41.0282317], [-74.0688185, 41.0285508], [-74.0687734, 41.0288832], [-74.0687461, 41.0292115], [-74.0687401, 41.0295425], [-74.0687574, 41.0298629], [-74.0687868, 41.0301997], [-74.0688324, 41.030516], [-74.0689062, 41.0308521], [-74.0689916, 41.0311735], [-74.0690963, 41.0314962], [-74.0692182, 41.0318136], [-74.0694555, 41.0323162], [-74.069516, 41.0324296], [-74.0696861, 41.0327294], [-74.0698634, 41.0330142], [-74.0703784, 41.033813], [-74.0705629, 41.0341082], [-74.0707444, 41.0344026], [-74.0709178, 41.0347044], [-74.0710847, 41.0350213], [-74.0712208, 41.0353159], [-74.0713442, 41.0356277], [-74.0714525, 41.0359478], [-74.0715408, 41.0362654], [-74.0716126, 41.0365846], [-74.0716679, 41.0369422], [-74.0716997, 41.0372768], [-74.0717144, 41.0376037], [-74.0717093, 41.0379337], [-74.0716831, 41.0382551], [-74.0716442, 41.0385832], [-74.071581, 41.0389145], [-74.0715044, 41.0392303], [-74.0714059, 41.0395518], [-74.0712915, 41.0398621], [-74.0711609, 41.0401776], [-74.0710101, 41.0404858], [-74.0708427, 41.0407858], [-74.0706536, 41.0410912], [-74.0704575, 41.0413752], [-74.0702459, 41.0416568], [-74.0700096, 41.0419401], [-74.0691304, 41.042932], [-74.0681718, 41.0440171], [-74.0679117, 41.0442984], [-74.0676732, 41.0445765], [-74.0674516, 41.0448542], [-74.0672313, 41.0451359], [-74.0670153, 41.0454243], [-74.0668188, 41.0457127], [-74.0666269, 41.0460134], [-74.0664501, 41.046306], [-74.0662764, 41.0466142], [-74.0661202, 41.0469202], [-74.0659762, 41.0472229], [-74.0658371, 41.0475402], [-74.0657107, 41.0478595], [-74.0655993, 41.0481682], [-74.0654974, 41.0484824], [-74.0654021, 41.0488138], [-74.0653227, 41.0491278], [-74.0652522, 41.0494547], [-74.0651976, 41.0497813], [-74.0651525, 41.0501092], [-74.0651174, 41.050435], [-74.065096, 41.0507576], [-74.065085, 41.0510894], [-74.0650921, 41.0513835], [-74.0651046, 41.0518532], [-74.0651396, 41.0525451], [-74.0652935, 41.0551197], [-74.0653092, 41.0553806], [-74.065311, 41.0556213], [-74.0653367, 41.0561002], [-74.0653453, 41.0564303], [-74.0653797, 41.056869], [-74.0653282, 41.0573286], [-74.0652167, 41.0578269], [-74.0650816, 41.0582232], [-74.0650622, 41.05828], [-74.0649117, 41.0586171], [-74.0648012, 41.0588645], [-74.06453, 41.0593608], [-74.0642554, 41.0598332], [-74.063955, 41.0602798], [-74.0635859, 41.0607328], [-74.0631911, 41.061134], [-74.0628048, 41.06149], [-74.0624873, 41.0617488], [-74.0621868, 41.0619754], [-74.0618006, 41.0622536], [-74.0612685, 41.0626031], [-74.0602557, 41.0632632], [-74.0595089, 41.0637939], [-74.0588866, 41.0642728], [-74.0582392, 41.064804], [-74.0580473, 41.0649635], [-74.0578531, 41.0651267], [-74.057665, 41.06529], [-74.0575753, 41.0653694], [-74.0574767, 41.0654587], [-74.0572936, 41.0656277], [-74.0571109, 41.0657983], [-74.0569281, 41.0659703], [-74.0567501, 41.0661397]]}}]}